ID	subset
ID	AI oboInOwl:inSubset
CL:0002518	http://purl.obolibrary.org/obo/cl#cellxgene_subset
CL:0002598	http://purl.obolibrary.org/obo/cl#cellxgene_subset
CL:0000834	http://purl.obolibrary.org/obo/cl#cellxgene_subset
CL:0002600	http://purl.obolibrary.org/obo/cl#cellxgene_subset
CL:0000696	http://purl.obolibrary.org/obo/cl#cellxgene_subset
CL:2000095	http://purl.obolibrary.org/obo/cl#cellxgene_subset
CL:0000253	http://purl.obolibrary.org/obo/cl#cellxgene_subset
CL:0002277	http://purl.obolibrary.org/obo/cl#cellxgene_subset
CL:1001096	http://purl.obolibrary.org/obo/cl#cellxgene_subset
CL:0000912	http://purl.obolibrary.org/obo/cl#cellxgene_subset
CL:0000785	http://purl.obolibrary.org/obo/cl#cellxgene_subset
CL:0000823	http://purl.obolibrary.org/obo/cl#cellxgene_subset
CL:0002620	http://purl.obolibrary.org/obo/cl#cellxgene_subset
CL:0002366	http://purl.obolibrary.org/obo/cl#cellxgene_subset
CL:0000907	http://purl.obolibrary.org/obo/cl#cellxgene_subset
CL:0019026	http://purl.obolibrary.org/obo/cl#cellxgene_subset
CL:0011101	http://purl.obolibrary.org/obo/cl#cellxgene_subset
CL:0000826	http://purl.obolibrary.org/obo/cl#cellxgene_subset
CL:0002425	http://purl.obolibrary.org/obo/cl#cellxgene_subset
CL:0000150	http://purl.obolibrary.org/obo/cl#cellxgene_subset
CL:0000984	http://purl.obolibrary.org/obo/cl#cellxgene_subset
CL:0001050	http://purl.obolibrary.org/obo/cl#cellxgene_subset
CL:1000500	http://purl.obolibrary.org/obo/cl#cellxgene_subset
CL:4023017	http://purl.obolibrary.org/obo/cl#cellxgene_subset
CL:4023059	http://purl.obolibrary.org/obo/cl#cellxgene_subset
CL:1001107	http://purl.obolibrary.org/obo/cl#cellxgene_subset
CL:0000808	http://purl.obolibrary.org/obo/cl#cellxgene_subset
CL:0002605	http://purl.obolibrary.org/obo/cl#cellxgene_subset
CL:4030011	http://purl.obolibrary.org/obo/cl#cellxgene_subset
CL:0000841	http://purl.obolibrary.org/obo/cl#cellxgene_subset
CL:0002351	http://purl.obolibrary.org/obo/cl#cellxgene_subset
CL:0000531	http://purl.obolibrary.org/obo/cl#cellxgene_subset
CL:4023056	http://purl.obolibrary.org/obo/cl#cellxgene_subset
CL:0002355	http://purl.obolibrary.org/obo/cl#cellxgene_subset
CL:0005011	http://purl.obolibrary.org/obo/cl#cellxgene_subset
CL:0003050	http://purl.obolibrary.org/obo/cl#cellxgene_subset
CL:0000820	http://purl.obolibrary.org/obo/cl#cellxgene_subset
CL:0002154	http://purl.obolibrary.org/obo/cl#cellxgene_subset
CL:0000938	http://purl.obolibrary.org/obo/cl#cellxgene_subset
CL:0000838	http://purl.obolibrary.org/obo/cl#cellxgene_subset
CL:0000162	http://purl.obolibrary.org/obo/cl#cellxgene_subset
CL:0000019	http://purl.obolibrary.org/obo/cl#cellxgene_subset
CL:0002603	http://purl.obolibrary.org/obo/cl#cellxgene_subset
CL:1000454	http://purl.obolibrary.org/obo/cl#cellxgene_subset
CL:0000767	http://purl.obolibrary.org/obo/cl#cellxgene_subset
CL:0009043	http://purl.obolibrary.org/obo/cl#cellxgene_subset
CL:0000787	http://purl.obolibrary.org/obo/cl#cellxgene_subset
CL:0000682	http://purl.obolibrary.org/obo/cl#cellxgene_subset
CL:0002064	http://purl.obolibrary.org/obo/cl#cellxgene_subset
CL:0002673	http://purl.obolibrary.org/obo/cl#cellxgene_subset
CL:0000810	http://purl.obolibrary.org/obo/cl#cellxgene_subset
CL:0002094	http://purl.obolibrary.org/obo/cl#cellxgene_subset
CL:0000776	http://purl.obolibrary.org/obo/cl#cellxgene_subset
CL:0002207	http://purl.obolibrary.org/obo/cl#cellxgene_subset
CL:1000143	http://purl.obolibrary.org/obo/cl#cellxgene_subset
CL:0002364	http://purl.obolibrary.org/obo/cl#cellxgene_subset
CL:0000182	http://purl.obolibrary.org/obo/cl#cellxgene_subset
CL:0000651	http://purl.obolibrary.org/obo/cl#cellxgene_subset
CL:0000809	http://purl.obolibrary.org/obo/cl#cellxgene_subset
CL:0002396	http://purl.obolibrary.org/obo/cl#cellxgene_subset
CL:0001065	http://purl.obolibrary.org/obo/cl#cellxgene_subset
CL:0000178	http://purl.obolibrary.org/obo/cl#cellxgene_subset
CL:0002139	http://purl.obolibrary.org/obo/cl#cellxgene_subset
CL:0000898	http://purl.obolibrary.org/obo/cl#cellxgene_subset
CL:0000127	http://purl.obolibrary.org/obo/cl#cellxgene_subset
CL:0002632	http://purl.obolibrary.org/obo/cl#cellxgene_subset
CL:0011004	http://purl.obolibrary.org/obo/cl#cellxgene_subset
CL:0000082	http://purl.obolibrary.org/obo/cl#cellxgene_subset
CL:0002420	http://purl.obolibrary.org/obo/cl#cellxgene_subset
CL:1000147	http://purl.obolibrary.org/obo/cl#cellxgene_subset
CL:0002322	http://purl.obolibrary.org/obo/cl#cellxgene_subset
CL:0002629	http://purl.obolibrary.org/obo/cl#cellxgene_subset
CL:0002243	http://purl.obolibrary.org/obo/cl#cellxgene_subset
CL:0005022	http://purl.obolibrary.org/obo/cl#cellxgene_subset
CL:0000576	http://purl.obolibrary.org/obo/cl#cellxgene_subset
CL:0000155	http://purl.obolibrary.org/obo/cl#cellxgene_subset
CL:0001071	http://purl.obolibrary.org/obo/cl#cellxgene_subset
CL:0002304	http://purl.obolibrary.org/obo/cl#cellxgene_subset
CL:0000114	http://purl.obolibrary.org/obo/cl#cellxgene_subset
CL:0000875	http://purl.obolibrary.org/obo/cl#cellxgene_subset
CL:0000036	http://purl.obolibrary.org/obo/cl#cellxgene_subset
CL:0000451	http://purl.obolibrary.org/obo/cl#cellxgene_subset
CL:0001077	http://purl.obolibrary.org/obo/cl#cellxgene_subset
CL:0002326	http://purl.obolibrary.org/obo/cl#cellxgene_subset
CL:0002325	http://purl.obolibrary.org/obo/cl#cellxgene_subset
CL:0009113	http://purl.obolibrary.org/obo/cl#cellxgene_subset
CL:0019031	http://purl.obolibrary.org/obo/cl#cellxgene_subset
CL:0002627	http://purl.obolibrary.org/obo/cl#cellxgene_subset
CL:0002480	http://purl.obolibrary.org/obo/cl#cellxgene_subset
CL:0000584	http://purl.obolibrary.org/obo/cl#cellxgene_subset
CL:0000653	http://purl.obolibrary.org/obo/cl#cellxgene_subset
CL:0010012	http://purl.obolibrary.org/obo/cl#cellxgene_subset
CL:0000746	http://purl.obolibrary.org/obo/cl#cellxgene_subset
CL:0000666	http://purl.obolibrary.org/obo/cl#cellxgene_subset
CL:0002250	http://purl.obolibrary.org/obo/cl#cellxgene_subset
CL:0000748	http://purl.obolibrary.org/obo/cl#cellxgene_subset
CL:0000187	http://purl.obolibrary.org/obo/cl#cellxgene_subset
CL:0000529	http://purl.obolibrary.org/obo/cl#cellxgene_subset
CL:0000740	http://purl.obolibrary.org/obo/cl#cellxgene_subset
CL:0000503	http://purl.obolibrary.org/obo/cl#cellxgene_subset
CL:0000986	http://purl.obolibrary.org/obo/cl#cellxgene_subset
CL:0000123	http://purl.obolibrary.org/obo/cl#cellxgene_subset
CL:2000032	http://purl.obolibrary.org/obo/cl#cellxgene_subset
CL:1000304	http://purl.obolibrary.org/obo/cl#cellxgene_subset
CL:1000348	http://purl.obolibrary.org/obo/cl#cellxgene_subset
CL:4023015	http://purl.obolibrary.org/obo/cl#cellxgene_subset
CL:0000555	http://purl.obolibrary.org/obo/cl#cellxgene_subset
CL:1001433	http://purl.obolibrary.org/obo/cl#cellxgene_subset
CL:0002079	http://purl.obolibrary.org/obo/cl#cellxgene_subset
CL:1000312	http://purl.obolibrary.org/obo/cl#cellxgene_subset
CL:0009002	http://purl.obolibrary.org/obo/cl#cellxgene_subset
CL:0010022	http://purl.obolibrary.org/obo/cl#cellxgene_subset
CL:0002393	http://purl.obolibrary.org/obo/cl#cellxgene_subset
CL:0004232	http://purl.obolibrary.org/obo/cl#cellxgene_subset
CL:0000189	http://purl.obolibrary.org/obo/cl#cellxgene_subset
CL:0009099	http://purl.obolibrary.org/obo/cl#cellxgene_subset
CL:0002075	http://purl.obolibrary.org/obo/cl#cellxgene_subset
CL:4030028	http://purl.obolibrary.org/obo/cl#cellxgene_subset
CL:0000623	http://purl.obolibrary.org/obo/cl#cellxgene_subset
CL:0000750	http://purl.obolibrary.org/obo/cl#cellxgene_subset
CL:0000807	http://purl.obolibrary.org/obo/cl#cellxgene_subset
CL:1000413	http://purl.obolibrary.org/obo/cl#cellxgene_subset
CL:0002097	http://purl.obolibrary.org/obo/cl#cellxgene_subset
CL:1001099	http://purl.obolibrary.org/obo/cl#cellxgene_subset
CL:1000414	http://purl.obolibrary.org/obo/cl#cellxgene_subset
CL:0000817	http://purl.obolibrary.org/obo/cl#cellxgene_subset
CL:0002157	http://purl.obolibrary.org/obo/cl#cellxgene_subset
CL:4023038	http://purl.obolibrary.org/obo/cl#cellxgene_subset
CL:0009112	http://purl.obolibrary.org/obo/cl#cellxgene_subset
CL:0002327	http://purl.obolibrary.org/obo/cl#cellxgene_subset
CL:0002538	http://purl.obolibrary.org/obo/cl#cellxgene_subset
CL:0000988	http://purl.obolibrary.org/obo/cl#cellxgene_subset
CL:0000586	http://purl.obolibrary.org/obo/cl#cellxgene_subset
CL:0002591	http://purl.obolibrary.org/obo/cl#cellxgene_subset
CL:0000836	http://purl.obolibrary.org/obo/cl#cellxgene_subset
CL:0000837	http://purl.obolibrary.org/obo/cl#cellxgene_subset
CL:1001016	http://purl.obolibrary.org/obo/cl#cellxgene_subset
CL:0002601	http://purl.obolibrary.org/obo/cl#cellxgene_subset
CL:0002341	http://purl.obolibrary.org/obo/cl#cellxgene_subset
CL:0000559	http://purl.obolibrary.org/obo/cl#cellxgene_subset
CL:0002193	http://purl.obolibrary.org/obo/cl#cellxgene_subset
CL:1000497	http://purl.obolibrary.org/obo/cl#cellxgene_subset
CL:0000649	http://purl.obolibrary.org/obo/cl#cellxgene_subset
CL:0000510	http://purl.obolibrary.org/obo/cl#cellxgene_subset
CL:0002489	http://purl.obolibrary.org/obo/cl#cellxgene_subset
CL:0000136	http://purl.obolibrary.org/obo/cl#cellxgene_subset
CL:1000329	http://purl.obolibrary.org/obo/cl#cellxgene_subset
CL:0002204	http://purl.obolibrary.org/obo/cl#cellxgene_subset
CL:0000145	http://purl.obolibrary.org/obo/cl#cellxgene_subset
CL:0002521	http://purl.obolibrary.org/obo/cl#cellxgene_subset
CL:1001109	http://purl.obolibrary.org/obo/cl#cellxgene_subset
CL:0011025	http://purl.obolibrary.org/obo/cl#cellxgene_subset
CL:0000394	http://purl.obolibrary.org/obo/cl#cellxgene_subset
CL:0001031	http://purl.obolibrary.org/obo/cl#cellxgene_subset
CL:0002678	http://purl.obolibrary.org/obo/cl#cellxgene_subset
CL:1001597	http://purl.obolibrary.org/obo/cl#cellxgene_subset
CL:0000548	http://purl.obolibrary.org/obo/cl#cellxgene_subset
CL:0000624	http://purl.obolibrary.org/obo/cl#cellxgene_subset
CL:0000827	http://purl.obolibrary.org/obo/cl#cellxgene_subset
CL:0000913	http://purl.obolibrary.org/obo/cl#cellxgene_subset
CL:0002377	http://purl.obolibrary.org/obo/cl#cellxgene_subset
CL:0000821	http://purl.obolibrary.org/obo/cl#cellxgene_subset
CL:0000062	http://purl.obolibrary.org/obo/cl#cellxgene_subset
CL:0011012	http://purl.obolibrary.org/obo/cl#cellxgene_subset
CL:0000583	http://purl.obolibrary.org/obo/cl#cellxgene_subset
CL:4023013	http://purl.obolibrary.org/obo/cl#cellxgene_subset
CL:0000499	http://purl.obolibrary.org/obo/cl#cellxgene_subset
CL:0000287	http://purl.obolibrary.org/obo/cl#cellxgene_subset
CL:0000442	http://purl.obolibrary.org/obo/cl#cellxgene_subset
CL:1001108	http://purl.obolibrary.org/obo/cl#cellxgene_subset
CL:0002320	http://purl.obolibrary.org/obo/cl#cellxgene_subset
CL:0002028	http://purl.obolibrary.org/obo/cl#cellxgene_subset
CL:0000802	http://purl.obolibrary.org/obo/cl#cellxgene_subset
CL:1000428	http://purl.obolibrary.org/obo/cl#cellxgene_subset
CL:1000279	http://purl.obolibrary.org/obo/cl#cellxgene_subset
CL:0000076	http://purl.obolibrary.org/obo/cl#cellxgene_subset
CL:0005019	http://purl.obolibrary.org/obo/cl#cellxgene_subset
CL:1001005	http://purl.obolibrary.org/obo/cl#cellxgene_subset
CL:0000766	http://purl.obolibrary.org/obo/cl#cellxgene_subset
CL:4023050	http://purl.obolibrary.org/obo/cl#cellxgene_subset
CL:4023048	http://purl.obolibrary.org/obo/cl#cellxgene_subset
CL:0002324	http://purl.obolibrary.org/obo/cl#cellxgene_subset
CL:0000547	http://purl.obolibrary.org/obo/cl#cellxgene_subset
CL:0000636	http://purl.obolibrary.org/obo/cl#cellxgene_subset
CL:0000119	http://purl.obolibrary.org/obo/cl#cellxgene_subset
CL:0002553	http://purl.obolibrary.org/obo/cl#cellxgene_subset
CL:0000322	http://purl.obolibrary.org/obo/cl#cellxgene_subset
CL:0000319	http://purl.obolibrary.org/obo/cl#cellxgene_subset
CL:0000764	http://purl.obolibrary.org/obo/cl#cellxgene_subset
CL:0002071	http://purl.obolibrary.org/obo/cl#cellxgene_subset
CL:0002144	http://purl.obolibrary.org/obo/cl#cellxgene_subset
CL:0000188	http://purl.obolibrary.org/obo/cl#cellxgene_subset
CL:0000131	http://purl.obolibrary.org/obo/cl#cellxgene_subset
CL:0000708	http://purl.obolibrary.org/obo/cl#cellxgene_subset
CL:1000343	http://purl.obolibrary.org/obo/cl#cellxgene_subset
CL:0013000	http://purl.obolibrary.org/obo/cl#cellxgene_subset
CL:4023018	http://purl.obolibrary.org/obo/cl#cellxgene_subset
CL:4030009	http://purl.obolibrary.org/obo/cl#cellxgene_subset
CL:1001516	http://purl.obolibrary.org/obo/cl#cellxgene_subset
CL:0009016	http://purl.obolibrary.org/obo/cl#cellxgene_subset
CL:0000681	http://purl.obolibrary.org/obo/cl#cellxgene_subset
CL:0019019	http://purl.obolibrary.org/obo/cl#cellxgene_subset
CL:0002279	http://purl.obolibrary.org/obo/cl#cellxgene_subset
CL:0002293	http://purl.obolibrary.org/obo/cl#cellxgene_subset
CL:0000122	http://purl.obolibrary.org/obo/cl#cellxgene_subset
CL:0001043	http://purl.obolibrary.org/obo/cl#cellxgene_subset
CL:0000617	http://purl.obolibrary.org/obo/cl#cellxgene_subset
CL:0001069	http://purl.obolibrary.org/obo/cl#cellxgene_subset
CL:0001074	http://purl.obolibrary.org/obo/cl#cellxgene_subset
CL:0000037	http://purl.obolibrary.org/obo/cl#cellxgene_subset
CL:1000597	http://purl.obolibrary.org/obo/cl#cellxgene_subset
CL:4030018	http://purl.obolibrary.org/obo/cl#cellxgene_subset
CL:0002544	http://purl.obolibrary.org/obo/cl#cellxgene_subset
CL:0000731	http://purl.obolibrary.org/obo/cl#cellxgene_subset
CL:0002252	http://purl.obolibrary.org/obo/cl#cellxgene_subset
CL:1000275	http://purl.obolibrary.org/obo/cl#cellxgene_subset
CL:0002085	http://purl.obolibrary.org/obo/cl#cellxgene_subset
CL:0000894	http://purl.obolibrary.org/obo/cl#cellxgene_subset
CL:0009092	http://purl.obolibrary.org/obo/cl#cellxgene_subset
CL:0002623	http://purl.obolibrary.org/obo/cl#cellxgene_subset
CL:0000822	http://purl.obolibrary.org/obo/cl#cellxgene_subset
CL:0000216	http://purl.obolibrary.org/obo/cl#cellxgene_subset
CL:0000498	http://purl.obolibrary.org/obo/cl#cellxgene_subset
CL:0000937	http://purl.obolibrary.org/obo/cl#cellxgene_subset
CL:0000980	http://purl.obolibrary.org/obo/cl#cellxgene_subset
CL:0000453	http://purl.obolibrary.org/obo/cl#cellxgene_subset
CL:0000222	http://purl.obolibrary.org/obo/cl#cellxgene_subset
CL:0002319	http://purl.obolibrary.org/obo/cl#cellxgene_subset
CL:0000209	http://purl.obolibrary.org/obo/cl#cellxgene_subset
CL:0000749	http://purl.obolibrary.org/obo/cl#cellxgene_subset
CL:0000233	http://purl.obolibrary.org/obo/cl#cellxgene_subset
CL:0001082	http://purl.obolibrary.org/obo/cl#cellxgene_subset
CL:0000502	http://purl.obolibrary.org/obo/cl#cellxgene_subset
CL:0008034	http://purl.obolibrary.org/obo/cl#cellxgene_subset
CL:1001474	http://purl.obolibrary.org/obo/cl#cellxgene_subset
CL:4023043	http://purl.obolibrary.org/obo/cl#cellxgene_subset
CL:1001603	http://purl.obolibrary.org/obo/cl#cellxgene_subset
CL:2000093	http://purl.obolibrary.org/obo/cl#cellxgene_subset
CL:1000347	http://purl.obolibrary.org/obo/cl#cellxgene_subset
CL:0010011	http://purl.obolibrary.org/obo/cl#cellxgene_subset
CL:0000936	http://purl.obolibrary.org/obo/cl#cellxgene_subset
CL:0002253	http://purl.obolibrary.org/obo/cl#cellxgene_subset
CL:0000792	http://purl.obolibrary.org/obo/cl#cellxgene_subset
CL:0000160	http://purl.obolibrary.org/obo/cl#cellxgene_subset
CL:4023036	http://purl.obolibrary.org/obo/cl#cellxgene_subset
CL:2000064	http://purl.obolibrary.org/obo/cl#cellxgene_subset
CL:0002179	http://purl.obolibrary.org/obo/cl#cellxgene_subset
CL:1000342	http://purl.obolibrary.org/obo/cl#cellxgene_subset
CL:1000436	http://purl.obolibrary.org/obo/cl#cellxgene_subset
CL:0002275	http://purl.obolibrary.org/obo/cl#cellxgene_subset
CL:4023016	http://purl.obolibrary.org/obo/cl#cellxgene_subset
CL:0002225	http://purl.obolibrary.org/obo/cl#cellxgene_subset
CL:0000097	http://purl.obolibrary.org/obo/cl#cellxgene_subset
CL:0000232	http://purl.obolibrary.org/obo/cl#cellxgene_subset
CL:0000680	http://purl.obolibrary.org/obo/cl#cellxgene_subset
CL:4023040	http://purl.obolibrary.org/obo/cl#cellxgene_subset
CL:0010008	http://purl.obolibrary.org/obo/cl#cellxgene_subset
CL:0000234	http://purl.obolibrary.org/obo/cl#cellxgene_subset
CL:0002278	http://purl.obolibrary.org/obo/cl#cellxgene_subset
CL:0000561	http://purl.obolibrary.org/obo/cl#cellxgene_subset
CL:2000001	http://purl.obolibrary.org/obo/cl#cellxgene_subset
CL:0000135	http://purl.obolibrary.org/obo/cl#cellxgene_subset
CL:0002280	http://purl.obolibrary.org/obo/cl#cellxgene_subset
CL:0000842	http://purl.obolibrary.org/obo/cl#cellxgene_subset
CL:0001080	http://purl.obolibrary.org/obo/cl#cellxgene_subset
CL:0000677	http://purl.obolibrary.org/obo/cl#cellxgene_subset
CL:0000738	http://purl.obolibrary.org/obo/cl#cellxgene_subset
CL:0000646	http://purl.obolibrary.org/obo/cl#cellxgene_subset
CL:0002132	http://purl.obolibrary.org/obo/cl#cellxgene_subset
CL:0000908	http://purl.obolibrary.org/obo/cl#cellxgene_subset
CL:0009111	http://purl.obolibrary.org/obo/cl#cellxgene_subset
CL:0000163	http://purl.obolibrary.org/obo/cl#cellxgene_subset
CL:0000914	http://purl.obolibrary.org/obo/cl#cellxgene_subset
CL:4023054	http://purl.obolibrary.org/obo/cl#cellxgene_subset
CL:4023181	http://purl.obolibrary.org/obo/cl#cellxgene_subset
CL:0000129	http://purl.obolibrary.org/obo/cl#cellxgene_subset
CL:1000692	http://purl.obolibrary.org/obo/cl#cellxgene_subset
CL:0009089	http://purl.obolibrary.org/obo/cl#cellxgene_subset
CL:1001602	http://purl.obolibrary.org/obo/cl#cellxgene_subset
CL:1000223	http://purl.obolibrary.org/obo/cl#cellxgene_subset
CL:0000151	http://purl.obolibrary.org/obo/cl#cellxgene_subset
CL:0000081	http://purl.obolibrary.org/obo/cl#cellxgene_subset
CL:0000525	http://purl.obolibrary.org/obo/cl#cellxgene_subset
CL:0000650	http://purl.obolibrary.org/obo/cl#cellxgene_subset
CL:0000003	http://purl.obolibrary.org/obo/cl#cellxgene_subset
CL:4023011	http://purl.obolibrary.org/obo/cl#cellxgene_subset
CL:0002539	http://purl.obolibrary.org/obo/cl#cellxgene_subset
CL:0000166	http://purl.obolibrary.org/obo/cl#cellxgene_subset
CL:1000449	http://purl.obolibrary.org/obo/cl#cellxgene_subset
CL:0002063	http://purl.obolibrary.org/obo/cl#cellxgene_subset
CL:0002504	http://purl.obolibrary.org/obo/cl#cellxgene_subset
CL:0000514	http://purl.obolibrary.org/obo/cl#cellxgene_subset
CL:0002062	http://purl.obolibrary.org/obo/cl#cellxgene_subset
CL:0002375	http://purl.obolibrary.org/obo/cl#cellxgene_subset
CL:0000171	http://purl.obolibrary.org/obo/cl#cellxgene_subset
CL:0000594	http://purl.obolibrary.org/obo/cl#cellxgene_subset
CL:0009010	http://purl.obolibrary.org/obo/cl#cellxgene_subset
CL:1000452	http://purl.obolibrary.org/obo/cl#cellxgene_subset
CL:0000210	http://purl.obolibrary.org/obo/cl#cellxgene_subset
CL:0002332	http://purl.obolibrary.org/obo/cl#cellxgene_subset
CL:0000185	http://purl.obolibrary.org/obo/cl#cellxgene_subset
CL:0008001	http://purl.obolibrary.org/obo/cl#cellxgene_subset
CL:1000432	http://purl.obolibrary.org/obo/cl#cellxgene_subset
CL:0000900	http://purl.obolibrary.org/obo/cl#cellxgene_subset
CL:0009041	http://purl.obolibrary.org/obo/cl#cellxgene_subset
CL:0002259	http://purl.obolibrary.org/obo/cl#cellxgene_subset
CL:4028006	http://purl.obolibrary.org/obo/cl#cellxgene_subset
CL:0000796	http://purl.obolibrary.org/obo/cl#cellxgene_subset
CL:4023070	http://purl.obolibrary.org/obo/cl#cellxgene_subset
CL:0002607	http://purl.obolibrary.org/obo/cl#cellxgene_subset
CL:4023121	http://purl.obolibrary.org/obo/cl#cellxgene_subset
CL:0002586	http://purl.obolibrary.org/obo/cl#cellxgene_subset
CL:0002129	http://purl.obolibrary.org/obo/cl#cellxgene_subset
CL:0000023	http://purl.obolibrary.org/obo/cl#cellxgene_subset
CL:0000084	http://purl.obolibrary.org/obo/cl#cellxgene_subset
CL:2000055	http://purl.obolibrary.org/obo/cl#cellxgene_subset
CL:0001057	http://purl.obolibrary.org/obo/cl#cellxgene_subset
CL:0000798	http://purl.obolibrary.org/obo/cl#cellxgene_subset
CL:4030027	http://purl.obolibrary.org/obo/cl#cellxgene_subset
CL:0002410	http://purl.obolibrary.org/obo/cl#cellxgene_subset
CL:1000450	http://purl.obolibrary.org/obo/cl#cellxgene_subset
CL:0000939	http://purl.obolibrary.org/obo/cl#cellxgene_subset
CL:0005025	http://purl.obolibrary.org/obo/cl#cellxgene_subset
CL:0010003	http://purl.obolibrary.org/obo/cl#cellxgene_subset
CL:0011020	http://purl.obolibrary.org/obo/cl#cellxgene_subset
CL:0000982	http://purl.obolibrary.org/obo/cl#cellxgene_subset
CL:0000362	http://purl.obolibrary.org/obo/cl#cellxgene_subset
CL:0000192	http://purl.obolibrary.org/obo/cl#cellxgene_subset
CL:0002363	http://purl.obolibrary.org/obo/cl#cellxgene_subset
CL:0000878	http://purl.obolibrary.org/obo/cl#cellxgene_subset
CL:0002046	http://purl.obolibrary.org/obo/cl#cellxgene_subset
CL:4023065	http://purl.obolibrary.org/obo/cl#cellxgene_subset
CL:0002241	http://purl.obolibrary.org/obo/cl#cellxgene_subset
CL:0000622	http://purl.obolibrary.org/obo/cl#cellxgene_subset
CL:1000353	http://purl.obolibrary.org/obo/cl#cellxgene_subset
CL:0000788	http://purl.obolibrary.org/obo/cl#cellxgene_subset
CL:0002088	http://purl.obolibrary.org/obo/cl#cellxgene_subset
CL:0007010	http://purl.obolibrary.org/obo/cl#cellxgene_subset
CL:0000895	http://purl.obolibrary.org/obo/cl#cellxgene_subset
CL:0000064	http://purl.obolibrary.org/obo/cl#cellxgene_subset
CL:0000818	http://purl.obolibrary.org/obo/cl#cellxgene_subset
CL:0000782	http://purl.obolibrary.org/obo/cl#cellxgene_subset
CL:1001430	http://purl.obolibrary.org/obo/cl#cellxgene_subset
CL:0000794	http://purl.obolibrary.org/obo/cl#cellxgene_subset
CL:0000604	http://purl.obolibrary.org/obo/cl#cellxgene_subset
CL:0000542	http://purl.obolibrary.org/obo/cl#cellxgene_subset
CL:0000816	http://purl.obolibrary.org/obo/cl#cellxgene_subset
CL:0005006	http://purl.obolibrary.org/obo/cl#cellxgene_subset
CL:1001111	http://purl.obolibrary.org/obo/cl#cellxgene_subset
CL:0001042	http://purl.obolibrary.org/obo/cl#cellxgene_subset
CL:1001568	http://purl.obolibrary.org/obo/cl#cellxgene_subset
CL:0002138	http://purl.obolibrary.org/obo/cl#cellxgene_subset
CL:0000595	http://purl.obolibrary.org/obo/cl#cellxgene_subset
CL:0002189	http://purl.obolibrary.org/obo/cl#cellxgene_subset
CL:0000893	http://purl.obolibrary.org/obo/cl#cellxgene_subset
CL:0002048	http://purl.obolibrary.org/obo/cl#cellxgene_subset
CL:0002457	http://purl.obolibrary.org/obo/cl#cellxgene_subset
CL:0000312	http://purl.obolibrary.org/obo/cl#cellxgene_subset
CL:0002092	http://purl.obolibrary.org/obo/cl#cellxgene_subset
CL:0000432	http://purl.obolibrary.org/obo/cl#cellxgene_subset
CL:0002399	http://purl.obolibrary.org/obo/cl#cellxgene_subset
CL:4030023	http://purl.obolibrary.org/obo/cl#cellxgene_subset
CL:1000510	http://purl.obolibrary.org/obo/cl#cellxgene_subset
CL:0000095	http://purl.obolibrary.org/obo/cl#cellxgene_subset
CL:1000849	http://purl.obolibrary.org/obo/cl#cellxgene_subset
CL:0000704	http://purl.obolibrary.org/obo/cl#cellxgene_subset
CL:1000615	http://purl.obolibrary.org/obo/cl#cellxgene_subset
CL:0002224	http://purl.obolibrary.org/obo/cl#cellxgene_subset
CL:0002338	http://purl.obolibrary.org/obo/cl#cellxgene_subset
CL:1001589	http://purl.obolibrary.org/obo/cl#cellxgene_subset
CL:0000765	http://purl.obolibrary.org/obo/cl#cellxgene_subset
CL:0002151	http://purl.obolibrary.org/obo/cl#cellxgene_subset
CL:0002262	http://purl.obolibrary.org/obo/cl#cellxgene_subset
CL:0007011	http://purl.obolibrary.org/obo/cl#cellxgene_subset
CL:0001078	http://purl.obolibrary.org/obo/cl#cellxgene_subset
CL:0002368	http://purl.obolibrary.org/obo/cl#cellxgene_subset
CL:0001063	http://purl.obolibrary.org/obo/cl#cellxgene_subset
CL:0002585	http://purl.obolibrary.org/obo/cl#cellxgene_subset
CL:1001131	http://purl.obolibrary.org/obo/cl#cellxgene_subset
CL:0009009	http://purl.obolibrary.org/obo/cl#cellxgene_subset
CL:0000165	http://purl.obolibrary.org/obo/cl#cellxgene_subset
CL:0000905	http://purl.obolibrary.org/obo/cl#cellxgene_subset
CL:0000670	http://purl.obolibrary.org/obo/cl#cellxgene_subset
CL:0002231	http://purl.obolibrary.org/obo/cl#cellxgene_subset
CL:0000771	http://purl.obolibrary.org/obo/cl#cellxgene_subset
CL:0000811	http://purl.obolibrary.org/obo/cl#cellxgene_subset
CL:0002236	http://purl.obolibrary.org/obo/cl#cellxgene_subset
CL:0002419	http://purl.obolibrary.org/obo/cl#cellxgene_subset
CL:4023033	http://purl.obolibrary.org/obo/cl#cellxgene_subset
CL:0002422	http://purl.obolibrary.org/obo/cl#cellxgene_subset
CL:0009011	http://purl.obolibrary.org/obo/cl#cellxgene_subset
CL:0000186	http://purl.obolibrary.org/obo/cl#cellxgene_subset
CL:1000299	http://purl.obolibrary.org/obo/cl#cellxgene_subset
CL:0005012	http://purl.obolibrary.org/obo/cl#cellxgene_subset
CL:0000132	http://purl.obolibrary.org/obo/cl#cellxgene_subset
CL:2000004	http://purl.obolibrary.org/obo/cl#cellxgene_subset
CL:0000057	http://purl.obolibrary.org/obo/cl#cellxgene_subset
CL:1000703	http://purl.obolibrary.org/obo/cl#cellxgene_subset
CL:0000910	http://purl.obolibrary.org/obo/cl#cellxgene_subset
CL:0000667	http://purl.obolibrary.org/obo/cl#cellxgene_subset
CL:0002306	http://purl.obolibrary.org/obo/cl#cellxgene_subset
CL:0000038	http://purl.obolibrary.org/obo/cl#cellxgene_subset
CL:0000972	http://purl.obolibrary.org/obo/cl#cellxgene_subset
CL:0000751	http://purl.obolibrary.org/obo/cl#cellxgene_subset
CL:1000296	http://purl.obolibrary.org/obo/cl#cellxgene_subset
CL:0000906	http://purl.obolibrary.org/obo/cl#cellxgene_subset
CL:0011027	http://purl.obolibrary.org/obo/cl#cellxgene_subset
CL:2000041	http://purl.obolibrary.org/obo/cl#cellxgene_subset
CL:1000487	http://purl.obolibrary.org/obo/cl#cellxgene_subset
CL:0002608	http://purl.obolibrary.org/obo/cl#cellxgene_subset
CL:0002470	http://purl.obolibrary.org/obo/cl#cellxgene_subset
CL:4030026	http://purl.obolibrary.org/obo/cl#cellxgene_subset
CL:4006000	http://purl.obolibrary.org/obo/cl#cellxgene_subset
CL:0000899	http://purl.obolibrary.org/obo/cl#cellxgene_subset
CL:0002370	http://purl.obolibrary.org/obo/cl#cellxgene_subset
CL:0009038	http://purl.obolibrary.org/obo/cl#cellxgene_subset
CL:0019032	http://purl.obolibrary.org/obo/cl#cellxgene_subset
CL:1000494	http://purl.obolibrary.org/obo/cl#cellxgene_subset
CL:2000018	http://purl.obolibrary.org/obo/cl#cellxgene_subset
CL:0000115	http://purl.obolibrary.org/obo/cl#cellxgene_subset
CL:0000077	http://purl.obolibrary.org/obo/cl#cellxgene_subset
CL:0002397	http://purl.obolibrary.org/obo/cl#cellxgene_subset
CL:0000861	http://purl.obolibrary.org/obo/cl#cellxgene_subset
CL:0000819	http://purl.obolibrary.org/obo/cl#cellxgene_subset
CL:0019028	http://purl.obolibrary.org/obo/cl#cellxgene_subset
CL:0001081	http://purl.obolibrary.org/obo/cl#cellxgene_subset
CL:0005021	http://purl.obolibrary.org/obo/cl#cellxgene_subset
CL:0000079	http://purl.obolibrary.org/obo/cl#cellxgene_subset
CL:1000495	http://purl.obolibrary.org/obo/cl#cellxgene_subset
CL:0002573	http://purl.obolibrary.org/obo/cl#cellxgene_subset
CL:0000545	http://purl.obolibrary.org/obo/cl#cellxgene_subset
CL:0002117	http://purl.obolibrary.org/obo/cl#cellxgene_subset
CL:0017000	http://purl.obolibrary.org/obo/cl#cellxgene_subset
CL:0000169	http://purl.obolibrary.org/obo/cl#cellxgene_subset
CL:1000493	http://purl.obolibrary.org/obo/cl#cellxgene_subset
CL:0000255	http://purl.obolibrary.org/obo/cl#cellxgene_subset
CL:0002365	http://purl.obolibrary.org/obo/cl#cellxgene_subset
CL:2000002	http://purl.obolibrary.org/obo/cl#cellxgene_subset
CL:0000575	http://purl.obolibrary.org/obo/cl#cellxgene_subset
CL:0001056	http://purl.obolibrary.org/obo/cl#cellxgene_subset
CL:0002394	http://purl.obolibrary.org/obo/cl#cellxgene_subset
CL:1000838	http://purl.obolibrary.org/obo/cl#cellxgene_subset
CL:0002337	http://purl.obolibrary.org/obo/cl#cellxgene_subset
CL:1001319	http://purl.obolibrary.org/obo/cl#cellxgene_subset
CL:0000120	http://purl.obolibrary.org/obo/cl#cellxgene_subset
CL:0000128	http://purl.obolibrary.org/obo/cl#cellxgene_subset
CL:0000313	http://purl.obolibrary.org/obo/cl#cellxgene_subset
CL:0011115	http://purl.obolibrary.org/obo/cl#cellxgene_subset
CL:1000488	http://purl.obolibrary.org/obo/cl#cellxgene_subset
CL:0000540	http://purl.obolibrary.org/obo/cl#cellxgene_subset
CL:0000397	http://purl.obolibrary.org/obo/cl#cellxgene_subset
CL:0000030	http://purl.obolibrary.org/obo/cl#cellxgene_subset
CL:0000625	http://purl.obolibrary.org/obo/cl#cellxgene_subset
CL:0009042	http://purl.obolibrary.org/obo/cl#cellxgene_subset
CL:0000100	http://purl.obolibrary.org/obo/cl#cellxgene_subset
CL:0000979	http://purl.obolibrary.org/obo/cl#cellxgene_subset
CL:0000903	http://purl.obolibrary.org/obo/cl#cellxgene_subset
CL:0002329	http://purl.obolibrary.org/obo/cl#cellxgene_subset
CL:0002057	http://purl.obolibrary.org/obo/cl#cellxgene_subset
CL:2000016	http://purl.obolibrary.org/obo/cl#cellxgene_subset
CL:0002191	http://purl.obolibrary.org/obo/cl#cellxgene_subset
CL:0000814	http://purl.obolibrary.org/obo/cl#cellxgene_subset
CL:0002268	http://purl.obolibrary.org/obo/cl#cellxgene_subset
CL:1000271	http://purl.obolibrary.org/obo/cl#cellxgene_subset
CL:0000183	http://purl.obolibrary.org/obo/cl#cellxgene_subset
CL:0019021	http://purl.obolibrary.org/obo/cl#cellxgene_subset
CL:0000103	http://purl.obolibrary.org/obo/cl#cellxgene_subset
CL:1000334	http://purl.obolibrary.org/obo/cl#cellxgene_subset
CL:0000557	http://purl.obolibrary.org/obo/cl#cellxgene_subset
CL:4023042	http://purl.obolibrary.org/obo/cl#cellxgene_subset
CL:0000985	http://purl.obolibrary.org/obo/cl#cellxgene_subset
CL:0000556	http://purl.obolibrary.org/obo/cl#cellxgene_subset
CL:0011108	http://purl.obolibrary.org/obo/cl#cellxgene_subset
CL:2000006	http://purl.obolibrary.org/obo/cl#cellxgene_subset
CL:0000745	http://purl.obolibrary.org/obo/cl#cellxgene_subset
CL:0011026	http://purl.obolibrary.org/obo/cl#cellxgene_subset
CL:1000331	http://purl.obolibrary.org/obo/cl#cellxgene_subset
CL:0002343	http://purl.obolibrary.org/obo/cl#cellxgene_subset
CL:0000573	http://purl.obolibrary.org/obo/cl#cellxgene_subset
CL:0000921	http://purl.obolibrary.org/obo/cl#cellxgene_subset
CL:0000508	http://purl.obolibrary.org/obo/cl#cellxgene_subset
CL:4023012	http://purl.obolibrary.org/obo/cl#cellxgene_subset
CL:0000786	http://purl.obolibrary.org/obo/cl#cellxgene_subset
CL:1001431	http://purl.obolibrary.org/obo/cl#cellxgene_subset
CL:0000843	http://purl.obolibrary.org/obo/cl#cellxgene_subset
CL:0000909	http://purl.obolibrary.org/obo/cl#cellxgene_subset
CL:1000398	http://purl.obolibrary.org/obo/cl#cellxgene_subset
CL:0000121	http://purl.obolibrary.org/obo/cl#cellxgene_subset
CL:0000066	http://purl.obolibrary.org/obo/cl#cellxgene_subset
CL:1000272	http://purl.obolibrary.org/obo/cl#cellxgene_subset
CL:0002543	http://purl.obolibrary.org/obo/cl#cellxgene_subset
CL:0000860	http://purl.obolibrary.org/obo/cl#cellxgene_subset
CL:0019022	http://purl.obolibrary.org/obo/cl#cellxgene_subset
CL:0000934	http://purl.obolibrary.org/obo/cl#cellxgene_subset
CL:0000553	http://purl.obolibrary.org/obo/cl#cellxgene_subset
CL:0002570	http://purl.obolibrary.org/obo/cl#cellxgene_subset
CL:0000047	http://purl.obolibrary.org/obo/cl#cellxgene_subset
CL:1001432	http://purl.obolibrary.org/obo/cl#cellxgene_subset
CL:0002677	http://purl.obolibrary.org/obo/cl#cellxgene_subset
CL:0002258	http://purl.obolibrary.org/obo/cl#cellxgene_subset
CL:0001044	http://purl.obolibrary.org/obo/cl#cellxgene_subset
CL:0000067	http://purl.obolibrary.org/obo/cl#cellxgene_subset
CL:0002010	http://purl.obolibrary.org/obo/cl#cellxgene_subset
CL:0000863	http://purl.obolibrary.org/obo/cl#cellxgene_subset
CL:0008031	http://purl.obolibrary.org/obo/cl#cellxgene_subset
CL:0000091	http://purl.obolibrary.org/obo/cl#cellxgene_subset
CL:1000850	http://purl.obolibrary.org/obo/cl#cellxgene_subset
CL:3000001	http://purl.obolibrary.org/obo/cl#cellxgene_subset
CL:0000158	http://purl.obolibrary.org/obo/cl#cellxgene_subset
CL:0000055	http://purl.obolibrary.org/obo/cl#cellxgene_subset
CL:0001029	http://purl.obolibrary.org/obo/cl#cellxgene_subset
CL:0002201	http://purl.obolibrary.org/obo/cl#cellxgene_subset
CL:0002188	http://purl.obolibrary.org/obo/cl#cellxgene_subset
CL:0000388	http://purl.obolibrary.org/obo/cl#cellxgene_subset
CL:1000443	http://purl.obolibrary.org/obo/cl#cellxgene_subset
CL:2000059	http://purl.obolibrary.org/obo/cl#cellxgene_subset
CL:0002563	http://purl.obolibrary.org/obo/cl#cellxgene_subset
CL:0000630	http://purl.obolibrary.org/obo/cl#cellxgene_subset
CL:0000990	http://purl.obolibrary.org/obo/cl#cellxgene_subset
CL:0000897	http://purl.obolibrary.org/obo/cl#cellxgene_subset
CL:1001225	http://purl.obolibrary.org/obo/cl#cellxgene_subset
CL:0000006	http://purl.obolibrary.org/obo/cl#cellxgene_subset
CL:0001058	http://purl.obolibrary.org/obo/cl#cellxgene_subset
CL:1000768	http://purl.obolibrary.org/obo/cl#cellxgene_subset
CL:0011103	http://purl.obolibrary.org/obo/cl#cellxgene_subset
CL:0019003	http://purl.obolibrary.org/obo/cl#cellxgene_subset
CL:0002453	http://purl.obolibrary.org/obo/cl#cellxgene_subset
CL:0000864	http://purl.obolibrary.org/obo/cl#cellxgene_subset
CL:0000051	http://purl.obolibrary.org/obo/cl#cellxgene_subset
CL:2000043	http://purl.obolibrary.org/obo/cl#cellxgene_subset
CL:1000305	http://purl.obolibrary.org/obo/cl#cellxgene_subset
CL:1000892	http://purl.obolibrary.org/obo/cl#cellxgene_subset
CL:0000789	http://purl.obolibrary.org/obo/cl#cellxgene_subset
CL:0000839	http://purl.obolibrary.org/obo/cl#cellxgene_subset
CL:0000148	http://purl.obolibrary.org/obo/cl#cellxgene_subset
CL:0000890	http://purl.obolibrary.org/obo/cl#cellxgene_subset
CL:0019001	http://purl.obolibrary.org/obo/cl#cellxgene_subset
CL:0002203	http://purl.obolibrary.org/obo/cl#cellxgene_subset
CL:0000954	http://purl.obolibrary.org/obo/cl#cellxgene_subset
CL:0008011	http://purl.obolibrary.org/obo/cl#cellxgene_subset
CL:0000800	http://purl.obolibrary.org/obo/cl#cellxgene_subset
CL:0001054	http://purl.obolibrary.org/obo/cl#cellxgene_subset
CL:0002555	http://purl.obolibrary.org/obo/cl#cellxgene_subset
CL:0000190	http://purl.obolibrary.org/obo/cl#cellxgene_subset
CL:0011024	http://purl.obolibrary.org/obo/cl#cellxgene_subset
CL:0000024	http://purl.obolibrary.org/obo/cl#cellxgene_subset
CL:0000236	http://purl.obolibrary.org/obo/cl#cellxgene_subset
CL:0002657	http://purl.obolibrary.org/obo/cl#cellxgene_subset
CL:0008015	http://purl.obolibrary.org/obo/cl#cellxgene_subset
CL:0000695	http://purl.obolibrary.org/obo/cl#cellxgene_subset
CL:0009006	http://purl.obolibrary.org/obo/cl#cellxgene_subset
CL:0000021	http://purl.obolibrary.org/obo/cl#cellxgene_subset
CL:0000784	http://purl.obolibrary.org/obo/cl#cellxgene_subset
CL:0000763	http://purl.obolibrary.org/obo/cl#cellxgene_subset
CL:0005009	http://purl.obolibrary.org/obo/cl#cellxgene_subset
CL:0000558	http://purl.obolibrary.org/obo/cl#cellxgene_subset
CL:0009095	http://purl.obolibrary.org/obo/cl#cellxgene_subset
CL:0000501	http://purl.obolibrary.org/obo/cl#cellxgene_subset
CL:2000021	http://purl.obolibrary.org/obo/cl#cellxgene_subset
CL:1001318	http://purl.obolibrary.org/obo/cl#cellxgene_subset
CL:0000113	http://purl.obolibrary.org/obo/cl#cellxgene_subset
CL:0000569	http://purl.obolibrary.org/obo/cl#cellxgene_subset
CL:0000235	http://purl.obolibrary.org/obo/cl#cellxgene_subset
CL:1000839	http://purl.obolibrary.org/obo/cl#cellxgene_subset
CL:0000359	http://purl.obolibrary.org/obo/cl#cellxgene_subset
CL:2000060	http://purl.obolibrary.org/obo/cl#cellxgene_subset
CL:0009039	http://purl.obolibrary.org/obo/cl#cellxgene_subset
CL:0008036	http://purl.obolibrary.org/obo/cl#cellxgene_subset
CL:0009017	http://purl.obolibrary.org/obo/cl#cellxgene_subset
CL:0000922	http://purl.obolibrary.org/obo/cl#cellxgene_subset
CL:0000125	http://purl.obolibrary.org/obo/cl#cellxgene_subset
CL:0000632	http://purl.obolibrary.org/obo/cl#cellxgene_subset
CL:0000001	http://purl.obolibrary.org/obo/cl#cellxgene_subset
CL:0000987	http://purl.obolibrary.org/obo/cl#cellxgene_subset
CL:0000092	http://purl.obolibrary.org/obo/cl#cellxgene_subset
CL:0000138	http://purl.obolibrary.org/obo/cl#cellxgene_subset
CL:0000815	http://purl.obolibrary.org/obo/cl#cellxgene_subset
CL:0002671	http://purl.obolibrary.org/obo/cl#cellxgene_subset
CL:0002038	http://purl.obolibrary.org/obo/cl#cellxgene_subset
CL:0002149	http://purl.obolibrary.org/obo/cl#cellxgene_subset
CL:1001045	http://purl.obolibrary.org/obo/cl#cellxgene_subset
CL:0002254	http://purl.obolibrary.org/obo/cl#cellxgene_subset
CL:1000311	http://purl.obolibrary.org/obo/cl#cellxgene_subset
CL:0001203	http://purl.obolibrary.org/obo/cl#cellxgene_subset
CL:0009005	http://purl.obolibrary.org/obo/cl#cellxgene_subset
CL:0005026	http://purl.obolibrary.org/obo/cl#cellxgene_subset
CL:2000042	http://purl.obolibrary.org/obo/cl#cellxgene_subset
CL:0002350	http://purl.obolibrary.org/obo/cl#cellxgene_subset
CL:0008002	http://purl.obolibrary.org/obo/cl#cellxgene_subset
CL:0002187	http://purl.obolibrary.org/obo/cl#cellxgene_subset
CL:0000956	http://purl.obolibrary.org/obo/cl#cellxgene_subset
CL:4023032	http://purl.obolibrary.org/obo/cl#cellxgene_subset
CL:0002131	http://purl.obolibrary.org/obo/cl#cellxgene_subset
CL:0000034	http://purl.obolibrary.org/obo/cl#cellxgene_subset
CL:0002303	http://purl.obolibrary.org/obo/cl#cellxgene_subset
CL:0000546	http://purl.obolibrary.org/obo/cl#cellxgene_subset
CL:0000896	http://purl.obolibrary.org/obo/cl#cellxgene_subset
CL:0002495	http://purl.obolibrary.org/obo/cl#cellxgene_subset
CL:0000000	http://purl.obolibrary.org/obo/cl#cellxgene_subset
CL:0001062	http://purl.obolibrary.org/obo/cl#cellxgene_subset
CL:0000669	http://purl.obolibrary.org/obo/cl#cellxgene_subset
CL:1000698	http://purl.obolibrary.org/obo/cl#cellxgene_subset
CL:0000813	http://purl.obolibrary.org/obo/cl#cellxgene_subset
CL:1001106	http://purl.obolibrary.org/obo/cl#cellxgene_subset
CL:1000320	http://purl.obolibrary.org/obo/cl#cellxgene_subset
CL:0000242	http://purl.obolibrary.org/obo/cl#cellxgene_subset
CL:0002496	http://purl.obolibrary.org/obo/cl#cellxgene_subset
CL:0000513	http://purl.obolibrary.org/obo/cl#cellxgene_subset
CL:0000049	http://purl.obolibrary.org/obo/cl#cellxgene_subset
CL:0000134	http://purl.obolibrary.org/obo/cl#cellxgene_subset
CL:0009012	http://purl.obolibrary.org/obo/cl#cellxgene_subset
CL:0002328	http://purl.obolibrary.org/obo/cl#cellxgene_subset
CL:0000775	http://purl.obolibrary.org/obo/cl#cellxgene_subset
CL:0019029	http://purl.obolibrary.org/obo/cl#cellxgene_subset
CL:0008019	http://purl.obolibrary.org/obo/cl#cellxgene_subset
CL:0000931	http://purl.obolibrary.org/obo/cl#cellxgene_subset
CL:0002340	http://purl.obolibrary.org/obo/cl#cellxgene_subset
CL:0002223	http://purl.obolibrary.org/obo/cl#cellxgene_subset
CL:4028004	http://purl.obolibrary.org/obo/cl#cellxgene_subset
CL:1000309	http://purl.obolibrary.org/obo/cl#cellxgene_subset
CL:1000447	http://purl.obolibrary.org/obo/cl#cellxgene_subset
CL:0002145	http://purl.obolibrary.org/obo/cl#cellxgene_subset
CL:0002548	http://purl.obolibrary.org/obo/cl#cellxgene_subset
CL:0009116	http://purl.obolibrary.org/obo/cl#cellxgene_subset
CL:0001061	http://purl.obolibrary.org/obo/cl#cellxgene_subset
CL:0000065	http://purl.obolibrary.org/obo/cl#cellxgene_subset
CL:0001079	http://purl.obolibrary.org/obo/cl#cellxgene_subset
CL:0000598	http://purl.obolibrary.org/obo/cl#cellxgene_subset
CL:0000126	http://purl.obolibrary.org/obo/cl#cellxgene_subset
CL:0005010	http://purl.obolibrary.org/obo/cl#cellxgene_subset
CL:0000577	http://purl.obolibrary.org/obo/cl#cellxgene_subset
CL:0000791	http://purl.obolibrary.org/obo/cl#cellxgene_subset
CL:0000031	http://purl.obolibrary.org/obo/cl#cellxgene_subset
CL:4023047	http://purl.obolibrary.org/obo/cl#cellxgene_subset
CL:0000075	http://purl.obolibrary.org/obo/cl#cellxgene_subset
CL:0009022	http://purl.obolibrary.org/obo/cl#cellxgene_subset
CL:0004219	http://purl.obolibrary.org/obo/cl#cellxgene_subset
CL:0002633	http://purl.obolibrary.org/obo/cl#cellxgene_subset
CL:0001064	http://purl.obolibrary.org/obo/cl#cellxgene_subset
CL:0000940	http://purl.obolibrary.org/obo/cl#cellxgene_subset
CL:0000790	http://purl.obolibrary.org/obo/cl#cellxgene_subset
CL:1001285	http://purl.obolibrary.org/obo/cl#cellxgene_subset
CL:0002045	http://purl.obolibrary.org/obo/cl#cellxgene_subset
CL:1000326	http://purl.obolibrary.org/obo/cl#cellxgene_subset
CL:0008024	http://purl.obolibrary.org/obo/cl#cellxgene_subset
CL:0000915	http://purl.obolibrary.org/obo/cl#cellxgene_subset
CL:1000448	http://purl.obolibrary.org/obo/cl#cellxgene_subset
CL:0002622	http://purl.obolibrary.org/obo/cl#cellxgene_subset
CL:0000957	http://purl.obolibrary.org/obo/cl#cellxgene_subset
CL:1000278	http://purl.obolibrary.org/obo/cl#cellxgene_subset
CL:0000099	http://purl.obolibrary.org/obo/cl#cellxgene_subset
CL:0000050	http://purl.obolibrary.org/obo/cl#cellxgene_subset
CL:0011019	http://purl.obolibrary.org/obo/cl#cellxgene_subset
CL:0002009	http://purl.obolibrary.org/obo/cl#cellxgene_subset
CL:0002617	http://purl.obolibrary.org/obo/cl#cellxgene_subset
CL:0000071	http://purl.obolibrary.org/obo/cl#cellxgene_subset
CL:1000909	http://purl.obolibrary.org/obo/cl#cellxgene_subset
CL:4023041	http://purl.obolibrary.org/obo/cl#cellxgene_subset
CL:1000458	http://purl.obolibrary.org/obo/cl#cellxgene_subset
CL:0001066	http://purl.obolibrary.org/obo/cl#cellxgene_subset
CL:1000491	http://purl.obolibrary.org/obo/cl#cellxgene_subset
CL:0002503	http://purl.obolibrary.org/obo/cl#cellxgene_subset
CL:2000046	http://purl.obolibrary.org/obo/cl#cellxgene_subset
CL:2000092	http://purl.obolibrary.org/obo/cl#cellxgene_subset
CL:1001428	http://purl.obolibrary.org/obo/cl#cellxgene_subset
CL:4023051	http://purl.obolibrary.org/obo/cl#cellxgene_subset
CL:0002488	http://purl.obolibrary.org/obo/cl#cellxgene_subset
CL:0000492	http://purl.obolibrary.org/obo/cl#cellxgene_subset
CL:0000679	http://purl.obolibrary.org/obo/cl#cellxgene_subset
CL:0000015	http://purl.obolibrary.org/obo/cl#cellxgene_subset
CL:0000700	http://purl.obolibrary.org/obo/cl#cellxgene_subset
CL:0000173	http://purl.obolibrary.org/obo/cl#cellxgene_subset
CL:0000844	http://purl.obolibrary.org/obo/cl#cellxgene_subset
CL:0001076	http://purl.obolibrary.org/obo/cl#cellxgene_subset
CL:0001024	http://purl.obolibrary.org/obo/cl#cellxgene_subset
CL:0000904	http://purl.obolibrary.org/obo/cl#cellxgene_subset
CL:0002371	http://purl.obolibrary.org/obo/cl#cellxgene_subset
CL:0000706	http://purl.obolibrary.org/obo/cl#cellxgene_subset
CL:0000164	http://purl.obolibrary.org/obo/cl#cellxgene_subset
CL:0000644	http://purl.obolibrary.org/obo/cl#cellxgene_subset
CL:0001049	http://purl.obolibrary.org/obo/cl#cellxgene_subset
CL:1001033	http://purl.obolibrary.org/obo/cl#cellxgene_subset
CL:0000094	http://purl.obolibrary.org/obo/cl#cellxgene_subset
CL:0000970	http://purl.obolibrary.org/obo/cl#cellxgene_subset
CL:1000330	http://purl.obolibrary.org/obo/cl#cellxgene_subset
CL:0000068	http://purl.obolibrary.org/obo/cl#cellxgene_subset
