?x	?label
_:Be350484aX2D0263X2D4acdX2Da142X2D4091eb1e8e26genid1000	
_:Be350484aX2D0263X2D4acdX2Da142X2D4091eb1e8e26genid1011	
_:Be350484aX2D0263X2D4acdX2Da142X2D4091eb1e8e26genid1021	
_:Be350484aX2D0263X2D4acdX2Da142X2D4091eb1e8e26genid1027	
_:Be350484aX2D0263X2D4acdX2Da142X2D4091eb1e8e26genid1033	
_:Be350484aX2D0263X2D4acdX2Da142X2D4091eb1e8e26genid1039	
_:Be350484aX2D0263X2D4acdX2Da142X2D4091eb1e8e26genid1045	
_:Be350484aX2D0263X2D4acdX2Da142X2D4091eb1e8e26genid1051	
_:Be350484aX2D0263X2D4acdX2Da142X2D4091eb1e8e26genid1057	
_:Be350484aX2D0263X2D4acdX2Da142X2D4091eb1e8e26genid1064	
_:Be350484aX2D0263X2D4acdX2Da142X2D4091eb1e8e26genid1072	
_:Be350484aX2D0263X2D4acdX2Da142X2D4091eb1e8e26genid1078	
_:Be350484aX2D0263X2D4acdX2Da142X2D4091eb1e8e26genid1083	
_:Be350484aX2D0263X2D4acdX2Da142X2D4091eb1e8e26genid1088	
_:Be350484aX2D0263X2D4acdX2Da142X2D4091eb1e8e26genid1093	
_:Be350484aX2D0263X2D4acdX2Da142X2D4091eb1e8e26genid1098	
_:Be350484aX2D0263X2D4acdX2Da142X2D4091eb1e8e26genid1103	
_:Be350484aX2D0263X2D4acdX2Da142X2D4091eb1e8e26genid1108	
_:Be350484aX2D0263X2D4acdX2Da142X2D4091eb1e8e26genid1113	
_:Be350484aX2D0263X2D4acdX2Da142X2D4091eb1e8e26genid1118	
_:Be350484aX2D0263X2D4acdX2Da142X2D4091eb1e8e26genid1124	
_:Be350484aX2D0263X2D4acdX2Da142X2D4091eb1e8e26genid1130	
_:Be350484aX2D0263X2D4acdX2Da142X2D4091eb1e8e26genid1137	
_:Be350484aX2D0263X2D4acdX2Da142X2D4091eb1e8e26genid1141	
_:Be350484aX2D0263X2D4acdX2Da142X2D4091eb1e8e26genid1147	
_:Be350484aX2D0263X2D4acdX2Da142X2D4091eb1e8e26genid1153	
_:Be350484aX2D0263X2D4acdX2Da142X2D4091eb1e8e26genid1159	
_:Be350484aX2D0263X2D4acdX2Da142X2D4091eb1e8e26genid116	
_:Be350484aX2D0263X2D4acdX2Da142X2D4091eb1e8e26genid1166	
_:Be350484aX2D0263X2D4acdX2Da142X2D4091eb1e8e26genid1172	
_:Be350484aX2D0263X2D4acdX2Da142X2D4091eb1e8e26genid1177	
_:Be350484aX2D0263X2D4acdX2Da142X2D4091eb1e8e26genid1183	
_:Be350484aX2D0263X2D4acdX2Da142X2D4091eb1e8e26genid1189	
_:Be350484aX2D0263X2D4acdX2Da142X2D4091eb1e8e26genid119	
_:Be350484aX2D0263X2D4acdX2Da142X2D4091eb1e8e26genid1195	
_:Be350484aX2D0263X2D4acdX2Da142X2D4091eb1e8e26genid1201	
_:Be350484aX2D0263X2D4acdX2Da142X2D4091eb1e8e26genid1206	
_:Be350484aX2D0263X2D4acdX2Da142X2D4091eb1e8e26genid1211	
_:Be350484aX2D0263X2D4acdX2Da142X2D4091eb1e8e26genid1217	
_:Be350484aX2D0263X2D4acdX2Da142X2D4091eb1e8e26genid1224	
_:Be350484aX2D0263X2D4acdX2Da142X2D4091eb1e8e26genid1232	
_:Be350484aX2D0263X2D4acdX2Da142X2D4091eb1e8e26genid1240	
_:Be350484aX2D0263X2D4acdX2Da142X2D4091eb1e8e26genid1253	
_:Be350484aX2D0263X2D4acdX2Da142X2D4091eb1e8e26genid1260	
_:Be350484aX2D0263X2D4acdX2Da142X2D4091eb1e8e26genid1267	
_:Be350484aX2D0263X2D4acdX2Da142X2D4091eb1e8e26genid1274	
_:Be350484aX2D0263X2D4acdX2Da142X2D4091eb1e8e26genid1282	
_:Be350484aX2D0263X2D4acdX2Da142X2D4091eb1e8e26genid1293	
_:Be350484aX2D0263X2D4acdX2Da142X2D4091eb1e8e26genid1308	
_:Be350484aX2D0263X2D4acdX2Da142X2D4091eb1e8e26genid1315	
_:Be350484aX2D0263X2D4acdX2Da142X2D4091eb1e8e26genid1322	
_:Be350484aX2D0263X2D4acdX2Da142X2D4091eb1e8e26genid1329	
_:Be350484aX2D0263X2D4acdX2Da142X2D4091eb1e8e26genid1341	
_:Be350484aX2D0263X2D4acdX2Da142X2D4091eb1e8e26genid1351	
_:Be350484aX2D0263X2D4acdX2Da142X2D4091eb1e8e26genid1357	
_:Be350484aX2D0263X2D4acdX2Da142X2D4091eb1e8e26genid1363	
_:Be350484aX2D0263X2D4acdX2Da142X2D4091eb1e8e26genid1454	
_:Be350484aX2D0263X2D4acdX2Da142X2D4091eb1e8e26genid1462	
_:Be350484aX2D0263X2D4acdX2Da142X2D4091eb1e8e26genid1470	
_:Be350484aX2D0263X2D4acdX2Da142X2D4091eb1e8e26genid1478	
_:Be350484aX2D0263X2D4acdX2Da142X2D4091eb1e8e26genid1497	
_:Be350484aX2D0263X2D4acdX2Da142X2D4091eb1e8e26genid1509	
_:Be350484aX2D0263X2D4acdX2Da142X2D4091eb1e8e26genid1515	
_:Be350484aX2D0263X2D4acdX2Da142X2D4091eb1e8e26genid1521	
_:Be350484aX2D0263X2D4acdX2Da142X2D4091eb1e8e26genid1527	
_:Be350484aX2D0263X2D4acdX2Da142X2D4091eb1e8e26genid1536	
_:Be350484aX2D0263X2D4acdX2Da142X2D4091eb1e8e26genid1554	
_:Be350484aX2D0263X2D4acdX2Da142X2D4091eb1e8e26genid1559	
_:Be350484aX2D0263X2D4acdX2Da142X2D4091eb1e8e26genid1571	
_:Be350484aX2D0263X2D4acdX2Da142X2D4091eb1e8e26genid1582	
_:Be350484aX2D0263X2D4acdX2Da142X2D4091eb1e8e26genid1592	
_:Be350484aX2D0263X2D4acdX2Da142X2D4091eb1e8e26genid1599	
_:Be350484aX2D0263X2D4acdX2Da142X2D4091eb1e8e26genid1609	
_:Be350484aX2D0263X2D4acdX2Da142X2D4091eb1e8e26genid1619	
_:Be350484aX2D0263X2D4acdX2Da142X2D4091eb1e8e26genid1628	
_:Be350484aX2D0263X2D4acdX2Da142X2D4091eb1e8e26genid1635	
_:Be350484aX2D0263X2D4acdX2Da142X2D4091eb1e8e26genid1644	
_:Be350484aX2D0263X2D4acdX2Da142X2D4091eb1e8e26genid1655	
_:Be350484aX2D0263X2D4acdX2Da142X2D4091eb1e8e26genid1662	
_:Be350484aX2D0263X2D4acdX2Da142X2D4091eb1e8e26genid1670	
_:Be350484aX2D0263X2D4acdX2Da142X2D4091eb1e8e26genid1677	
_:Be350484aX2D0263X2D4acdX2Da142X2D4091eb1e8e26genid1683	
_:Be350484aX2D0263X2D4acdX2Da142X2D4091eb1e8e26genid1689	
_:Be350484aX2D0263X2D4acdX2Da142X2D4091eb1e8e26genid1695	
_:Be350484aX2D0263X2D4acdX2Da142X2D4091eb1e8e26genid1705	
_:Be350484aX2D0263X2D4acdX2Da142X2D4091eb1e8e26genid1714	
_:Be350484aX2D0263X2D4acdX2Da142X2D4091eb1e8e26genid1721	
_:Be350484aX2D0263X2D4acdX2Da142X2D4091eb1e8e26genid1729	
_:Be350484aX2D0263X2D4acdX2Da142X2D4091eb1e8e26genid1737	
_:Be350484aX2D0263X2D4acdX2Da142X2D4091eb1e8e26genid1743	
_:Be350484aX2D0263X2D4acdX2Da142X2D4091eb1e8e26genid1750	
_:Be350484aX2D0263X2D4acdX2Da142X2D4091eb1e8e26genid1756	
_:Be350484aX2D0263X2D4acdX2Da142X2D4091eb1e8e26genid1766	
_:Be350484aX2D0263X2D4acdX2Da142X2D4091eb1e8e26genid1782	
_:Be350484aX2D0263X2D4acdX2Da142X2D4091eb1e8e26genid1791	
_:Be350484aX2D0263X2D4acdX2Da142X2D4091eb1e8e26genid1797	
_:Be350484aX2D0263X2D4acdX2Da142X2D4091eb1e8e26genid1811	
_:Be350484aX2D0263X2D4acdX2Da142X2D4091eb1e8e26genid1824	
_:Be350484aX2D0263X2D4acdX2Da142X2D4091eb1e8e26genid1831	
_:Be350484aX2D0263X2D4acdX2Da142X2D4091eb1e8e26genid1842	
_:Be350484aX2D0263X2D4acdX2Da142X2D4091eb1e8e26genid1850	
_:Be350484aX2D0263X2D4acdX2Da142X2D4091eb1e8e26genid1860	
_:Be350484aX2D0263X2D4acdX2Da142X2D4091eb1e8e26genid1869	
_:Be350484aX2D0263X2D4acdX2Da142X2D4091eb1e8e26genid1878	
_:Be350484aX2D0263X2D4acdX2Da142X2D4091eb1e8e26genid1885	
_:Be350484aX2D0263X2D4acdX2Da142X2D4091eb1e8e26genid1892	
_:Be350484aX2D0263X2D4acdX2Da142X2D4091eb1e8e26genid1898	
_:Be350484aX2D0263X2D4acdX2Da142X2D4091eb1e8e26genid19	
_:Be350484aX2D0263X2D4acdX2Da142X2D4091eb1e8e26genid1910	
_:Be350484aX2D0263X2D4acdX2Da142X2D4091eb1e8e26genid1931	
_:Be350484aX2D0263X2D4acdX2Da142X2D4091eb1e8e26genid1940	
_:Be350484aX2D0263X2D4acdX2Da142X2D4091eb1e8e26genid1947	
_:Be350484aX2D0263X2D4acdX2Da142X2D4091eb1e8e26genid1953	
_:Be350484aX2D0263X2D4acdX2Da142X2D4091eb1e8e26genid1959	
_:Be350484aX2D0263X2D4acdX2Da142X2D4091eb1e8e26genid1964	
_:Be350484aX2D0263X2D4acdX2Da142X2D4091eb1e8e26genid1969	
_:Be350484aX2D0263X2D4acdX2Da142X2D4091eb1e8e26genid1975	
_:Be350484aX2D0263X2D4acdX2Da142X2D4091eb1e8e26genid1982	
_:Be350484aX2D0263X2D4acdX2Da142X2D4091eb1e8e26genid1995	
_:Be350484aX2D0263X2D4acdX2Da142X2D4091eb1e8e26genid2011	
_:Be350484aX2D0263X2D4acdX2Da142X2D4091eb1e8e26genid2018	
_:Be350484aX2D0263X2D4acdX2Da142X2D4091eb1e8e26genid2024	
_:Be350484aX2D0263X2D4acdX2Da142X2D4091eb1e8e26genid2030	
_:Be350484aX2D0263X2D4acdX2Da142X2D4091eb1e8e26genid2040	
_:Be350484aX2D0263X2D4acdX2Da142X2D4091eb1e8e26genid2046	
_:Be350484aX2D0263X2D4acdX2Da142X2D4091eb1e8e26genid2053	
_:Be350484aX2D0263X2D4acdX2Da142X2D4091eb1e8e26genid2070	
_:Be350484aX2D0263X2D4acdX2Da142X2D4091eb1e8e26genid2077	
_:Be350484aX2D0263X2D4acdX2Da142X2D4091eb1e8e26genid2084	
_:Be350484aX2D0263X2D4acdX2Da142X2D4091eb1e8e26genid2091	
_:Be350484aX2D0263X2D4acdX2Da142X2D4091eb1e8e26genid2102	
_:Be350484aX2D0263X2D4acdX2Da142X2D4091eb1e8e26genid2108	
_:Be350484aX2D0263X2D4acdX2Da142X2D4091eb1e8e26genid2114	
_:Be350484aX2D0263X2D4acdX2Da142X2D4091eb1e8e26genid2132	
_:Be350484aX2D0263X2D4acdX2Da142X2D4091eb1e8e26genid2138	
_:Be350484aX2D0263X2D4acdX2Da142X2D4091eb1e8e26genid2146	
_:Be350484aX2D0263X2D4acdX2Da142X2D4091eb1e8e26genid2158	
_:Be350484aX2D0263X2D4acdX2Da142X2D4091eb1e8e26genid2165	
_:Be350484aX2D0263X2D4acdX2Da142X2D4091eb1e8e26genid2176	
_:Be350484aX2D0263X2D4acdX2Da142X2D4091eb1e8e26genid2182	
_:Be350484aX2D0263X2D4acdX2Da142X2D4091eb1e8e26genid2189	
_:Be350484aX2D0263X2D4acdX2Da142X2D4091eb1e8e26genid2196	
_:Be350484aX2D0263X2D4acdX2Da142X2D4091eb1e8e26genid2211	
_:Be350484aX2D0263X2D4acdX2Da142X2D4091eb1e8e26genid2217	
_:Be350484aX2D0263X2D4acdX2Da142X2D4091eb1e8e26genid2224	
_:Be350484aX2D0263X2D4acdX2Da142X2D4091eb1e8e26genid2235	
_:Be350484aX2D0263X2D4acdX2Da142X2D4091eb1e8e26genid2243	
_:Be350484aX2D0263X2D4acdX2Da142X2D4091eb1e8e26genid2248	
_:Be350484aX2D0263X2D4acdX2Da142X2D4091eb1e8e26genid2268	
_:Be350484aX2D0263X2D4acdX2Da142X2D4091eb1e8e26genid2274	
_:Be350484aX2D0263X2D4acdX2Da142X2D4091eb1e8e26genid2283	
_:Be350484aX2D0263X2D4acdX2Da142X2D4091eb1e8e26genid2296	
_:Be350484aX2D0263X2D4acdX2Da142X2D4091eb1e8e26genid2304	
_:Be350484aX2D0263X2D4acdX2Da142X2D4091eb1e8e26genid2311	
_:Be350484aX2D0263X2D4acdX2Da142X2D4091eb1e8e26genid2328	
_:Be350484aX2D0263X2D4acdX2Da142X2D4091eb1e8e26genid2338	
_:Be350484aX2D0263X2D4acdX2Da142X2D4091eb1e8e26genid2344	
_:Be350484aX2D0263X2D4acdX2Da142X2D4091eb1e8e26genid2356	
_:Be350484aX2D0263X2D4acdX2Da142X2D4091eb1e8e26genid2368	
_:Be350484aX2D0263X2D4acdX2Da142X2D4091eb1e8e26genid2374	
_:Be350484aX2D0263X2D4acdX2Da142X2D4091eb1e8e26genid2384	
_:Be350484aX2D0263X2D4acdX2Da142X2D4091eb1e8e26genid2390	
_:Be350484aX2D0263X2D4acdX2Da142X2D4091eb1e8e26genid2396	
_:Be350484aX2D0263X2D4acdX2Da142X2D4091eb1e8e26genid2404	
_:Be350484aX2D0263X2D4acdX2Da142X2D4091eb1e8e26genid2412	
_:Be350484aX2D0263X2D4acdX2Da142X2D4091eb1e8e26genid2421	
_:Be350484aX2D0263X2D4acdX2Da142X2D4091eb1e8e26genid2428	
_:Be350484aX2D0263X2D4acdX2Da142X2D4091eb1e8e26genid2434	
_:Be350484aX2D0263X2D4acdX2Da142X2D4091eb1e8e26genid2441	
_:Be350484aX2D0263X2D4acdX2Da142X2D4091eb1e8e26genid2447	
_:Be350484aX2D0263X2D4acdX2Da142X2D4091eb1e8e26genid2454	
_:Be350484aX2D0263X2D4acdX2Da142X2D4091eb1e8e26genid2468	
_:Be350484aX2D0263X2D4acdX2Da142X2D4091eb1e8e26genid2474	
_:Be350484aX2D0263X2D4acdX2Da142X2D4091eb1e8e26genid2480	
_:Be350484aX2D0263X2D4acdX2Da142X2D4091eb1e8e26genid2664	
_:Be350484aX2D0263X2D4acdX2Da142X2D4091eb1e8e26genid2671	
_:Be350484aX2D0263X2D4acdX2Da142X2D4091eb1e8e26genid2680	
_:Be350484aX2D0263X2D4acdX2Da142X2D4091eb1e8e26genid2691	
_:Be350484aX2D0263X2D4acdX2Da142X2D4091eb1e8e26genid2834	
_:Be350484aX2D0263X2D4acdX2Da142X2D4091eb1e8e26genid2877	
_:Be350484aX2D0263X2D4acdX2Da142X2D4091eb1e8e26genid2955	
_:Be350484aX2D0263X2D4acdX2Da142X2D4091eb1e8e26genid2980	
_:Be350484aX2D0263X2D4acdX2Da142X2D4091eb1e8e26genid3004	
_:Be350484aX2D0263X2D4acdX2Da142X2D4091eb1e8e26genid3011	
_:Be350484aX2D0263X2D4acdX2Da142X2D4091eb1e8e26genid3028	
_:Be350484aX2D0263X2D4acdX2Da142X2D4091eb1e8e26genid3048	
_:Be350484aX2D0263X2D4acdX2Da142X2D4091eb1e8e26genid3132	
_:Be350484aX2D0263X2D4acdX2Da142X2D4091eb1e8e26genid3152	
_:Be350484aX2D0263X2D4acdX2Da142X2D4091eb1e8e26genid3160	
_:Be350484aX2D0263X2D4acdX2Da142X2D4091eb1e8e26genid3173	
_:Be350484aX2D0263X2D4acdX2Da142X2D4091eb1e8e26genid3188	
_:Be350484aX2D0263X2D4acdX2Da142X2D4091eb1e8e26genid3271	
_:Be350484aX2D0263X2D4acdX2Da142X2D4091eb1e8e26genid328	
_:Be350484aX2D0263X2D4acdX2Da142X2D4091eb1e8e26genid3290	
_:Be350484aX2D0263X2D4acdX2Da142X2D4091eb1e8e26genid3310	
_:Be350484aX2D0263X2D4acdX2Da142X2D4091eb1e8e26genid3329	
_:Be350484aX2D0263X2D4acdX2Da142X2D4091eb1e8e26genid3344	
_:Be350484aX2D0263X2D4acdX2Da142X2D4091eb1e8e26genid335	
_:Be350484aX2D0263X2D4acdX2Da142X2D4091eb1e8e26genid3354	
_:Be350484aX2D0263X2D4acdX2Da142X2D4091eb1e8e26genid3469	
_:Be350484aX2D0263X2D4acdX2Da142X2D4091eb1e8e26genid3484	
_:Be350484aX2D0263X2D4acdX2Da142X2D4091eb1e8e26genid3491	
_:Be350484aX2D0263X2D4acdX2Da142X2D4091eb1e8e26genid35	
_:Be350484aX2D0263X2D4acdX2Da142X2D4091eb1e8e26genid3517	
_:Be350484aX2D0263X2D4acdX2Da142X2D4091eb1e8e26genid3562	
_:Be350484aX2D0263X2D4acdX2Da142X2D4091eb1e8e26genid3592	
_:Be350484aX2D0263X2D4acdX2Da142X2D4091eb1e8e26genid3617	
_:Be350484aX2D0263X2D4acdX2Da142X2D4091eb1e8e26genid3660	
_:Be350484aX2D0263X2D4acdX2Da142X2D4091eb1e8e26genid3720	
_:Be350484aX2D0263X2D4acdX2Da142X2D4091eb1e8e26genid3765	
_:Be350484aX2D0263X2D4acdX2Da142X2D4091eb1e8e26genid3782	
_:Be350484aX2D0263X2D4acdX2Da142X2D4091eb1e8e26genid3799	
_:Be350484aX2D0263X2D4acdX2Da142X2D4091eb1e8e26genid3822	
_:Be350484aX2D0263X2D4acdX2Da142X2D4091eb1e8e26genid3858	
_:Be350484aX2D0263X2D4acdX2Da142X2D4091eb1e8e26genid3870	
_:Be350484aX2D0263X2D4acdX2Da142X2D4091eb1e8e26genid388	
_:Be350484aX2D0263X2D4acdX2Da142X2D4091eb1e8e26genid3885	
_:Be350484aX2D0263X2D4acdX2Da142X2D4091eb1e8e26genid3901	
_:Be350484aX2D0263X2D4acdX2Da142X2D4091eb1e8e26genid3914	
_:Be350484aX2D0263X2D4acdX2Da142X2D4091eb1e8e26genid4001	
_:Be350484aX2D0263X2D4acdX2Da142X2D4091eb1e8e26genid4023	
_:Be350484aX2D0263X2D4acdX2Da142X2D4091eb1e8e26genid4046	
_:Be350484aX2D0263X2D4acdX2Da142X2D4091eb1e8e26genid405	
_:Be350484aX2D0263X2D4acdX2Da142X2D4091eb1e8e26genid4177	
_:Be350484aX2D0263X2D4acdX2Da142X2D4091eb1e8e26genid420	
_:Be350484aX2D0263X2D4acdX2Da142X2D4091eb1e8e26genid4217	
_:Be350484aX2D0263X2D4acdX2Da142X2D4091eb1e8e26genid428	
_:Be350484aX2D0263X2D4acdX2Da142X2D4091eb1e8e26genid43	
_:Be350484aX2D0263X2D4acdX2Da142X2D4091eb1e8e26genid433	
_:Be350484aX2D0263X2D4acdX2Da142X2D4091eb1e8e26genid4364	
_:Be350484aX2D0263X2D4acdX2Da142X2D4091eb1e8e26genid4376	
_:Be350484aX2D0263X2D4acdX2Da142X2D4091eb1e8e26genid4386	
_:Be350484aX2D0263X2D4acdX2Da142X2D4091eb1e8e26genid439	
_:Be350484aX2D0263X2D4acdX2Da142X2D4091eb1e8e26genid4401	
_:Be350484aX2D0263X2D4acdX2Da142X2D4091eb1e8e26genid4416	
_:Be350484aX2D0263X2D4acdX2Da142X2D4091eb1e8e26genid4424	
_:Be350484aX2D0263X2D4acdX2Da142X2D4091eb1e8e26genid4430	
_:Be350484aX2D0263X2D4acdX2Da142X2D4091eb1e8e26genid4440	
_:Be350484aX2D0263X2D4acdX2Da142X2D4091eb1e8e26genid4448	
_:Be350484aX2D0263X2D4acdX2Da142X2D4091eb1e8e26genid4464	
_:Be350484aX2D0263X2D4acdX2Da142X2D4091eb1e8e26genid4475	
_:Be350484aX2D0263X2D4acdX2Da142X2D4091eb1e8e26genid448	
_:Be350484aX2D0263X2D4acdX2Da142X2D4091eb1e8e26genid4481	
_:Be350484aX2D0263X2D4acdX2Da142X2D4091eb1e8e26genid4490	
_:Be350484aX2D0263X2D4acdX2Da142X2D4091eb1e8e26genid4510	
_:Be350484aX2D0263X2D4acdX2Da142X2D4091eb1e8e26genid4516	
_:Be350484aX2D0263X2D4acdX2Da142X2D4091eb1e8e26genid4522	
_:Be350484aX2D0263X2D4acdX2Da142X2D4091eb1e8e26genid4538	
_:Be350484aX2D0263X2D4acdX2Da142X2D4091eb1e8e26genid4552	
_:Be350484aX2D0263X2D4acdX2Da142X2D4091eb1e8e26genid4559	
_:Be350484aX2D0263X2D4acdX2Da142X2D4091eb1e8e26genid4566	
_:Be350484aX2D0263X2D4acdX2Da142X2D4091eb1e8e26genid4623	
_:Be350484aX2D0263X2D4acdX2Da142X2D4091eb1e8e26genid4631	
_:Be350484aX2D0263X2D4acdX2Da142X2D4091eb1e8e26genid466	
_:Be350484aX2D0263X2D4acdX2Da142X2D4091eb1e8e26genid4680	
_:Be350484aX2D0263X2D4acdX2Da142X2D4091eb1e8e26genid4695	
_:Be350484aX2D0263X2D4acdX2Da142X2D4091eb1e8e26genid4704	
_:Be350484aX2D0263X2D4acdX2Da142X2D4091eb1e8e26genid472	
_:Be350484aX2D0263X2D4acdX2Da142X2D4091eb1e8e26genid4741	
_:Be350484aX2D0263X2D4acdX2Da142X2D4091eb1e8e26genid4757	
_:Be350484aX2D0263X2D4acdX2Da142X2D4091eb1e8e26genid4773	
_:Be350484aX2D0263X2D4acdX2Da142X2D4091eb1e8e26genid4811	
_:Be350484aX2D0263X2D4acdX2Da142X2D4091eb1e8e26genid4836	
_:Be350484aX2D0263X2D4acdX2Da142X2D4091eb1e8e26genid4850	
_:Be350484aX2D0263X2D4acdX2Da142X2D4091eb1e8e26genid4862	
_:Be350484aX2D0263X2D4acdX2Da142X2D4091eb1e8e26genid487	
_:Be350484aX2D0263X2D4acdX2Da142X2D4091eb1e8e26genid4873	
_:Be350484aX2D0263X2D4acdX2Da142X2D4091eb1e8e26genid4918	
_:Be350484aX2D0263X2D4acdX2Da142X2D4091eb1e8e26genid4946	
_:Be350484aX2D0263X2D4acdX2Da142X2D4091eb1e8e26genid4952	
_:Be350484aX2D0263X2D4acdX2Da142X2D4091eb1e8e26genid4982	
_:Be350484aX2D0263X2D4acdX2Da142X2D4091eb1e8e26genid4988	
_:Be350484aX2D0263X2D4acdX2Da142X2D4091eb1e8e26genid499	
_:Be350484aX2D0263X2D4acdX2Da142X2D4091eb1e8e26genid5004	
_:Be350484aX2D0263X2D4acdX2Da142X2D4091eb1e8e26genid5011	
_:Be350484aX2D0263X2D4acdX2Da142X2D4091eb1e8e26genid5019	
_:Be350484aX2D0263X2D4acdX2Da142X2D4091eb1e8e26genid5027	
_:Be350484aX2D0263X2D4acdX2Da142X2D4091eb1e8e26genid5035	
_:Be350484aX2D0263X2D4acdX2Da142X2D4091eb1e8e26genid5043	
_:Be350484aX2D0263X2D4acdX2Da142X2D4091eb1e8e26genid5051	
_:Be350484aX2D0263X2D4acdX2Da142X2D4091eb1e8e26genid5062	
_:Be350484aX2D0263X2D4acdX2Da142X2D4091eb1e8e26genid5074	
_:Be350484aX2D0263X2D4acdX2Da142X2D4091eb1e8e26genid5085	
_:Be350484aX2D0263X2D4acdX2Da142X2D4091eb1e8e26genid5113	
_:Be350484aX2D0263X2D4acdX2Da142X2D4091eb1e8e26genid5143	
_:Be350484aX2D0263X2D4acdX2Da142X2D4091eb1e8e26genid5161	
_:Be350484aX2D0263X2D4acdX2Da142X2D4091eb1e8e26genid517	
_:Be350484aX2D0263X2D4acdX2Da142X2D4091eb1e8e26genid5214	
_:Be350484aX2D0263X2D4acdX2Da142X2D4091eb1e8e26genid522	
_:Be350484aX2D0263X2D4acdX2Da142X2D4091eb1e8e26genid5225	
_:Be350484aX2D0263X2D4acdX2Da142X2D4091eb1e8e26genid5231	
_:Be350484aX2D0263X2D4acdX2Da142X2D4091eb1e8e26genid5237	
_:Be350484aX2D0263X2D4acdX2Da142X2D4091eb1e8e26genid5244	
_:Be350484aX2D0263X2D4acdX2Da142X2D4091eb1e8e26genid5250	
_:Be350484aX2D0263X2D4acdX2Da142X2D4091eb1e8e26genid5260	
_:Be350484aX2D0263X2D4acdX2Da142X2D4091eb1e8e26genid5265	
_:Be350484aX2D0263X2D4acdX2Da142X2D4091eb1e8e26genid5274	
_:Be350484aX2D0263X2D4acdX2Da142X2D4091eb1e8e26genid5285	
_:Be350484aX2D0263X2D4acdX2Da142X2D4091eb1e8e26genid5295	
_:Be350484aX2D0263X2D4acdX2Da142X2D4091eb1e8e26genid5309	
_:Be350484aX2D0263X2D4acdX2Da142X2D4091eb1e8e26genid531	
_:Be350484aX2D0263X2D4acdX2Da142X2D4091eb1e8e26genid5317	
_:Be350484aX2D0263X2D4acdX2Da142X2D4091eb1e8e26genid5343	
_:Be350484aX2D0263X2D4acdX2Da142X2D4091eb1e8e26genid5352	
_:Be350484aX2D0263X2D4acdX2Da142X2D4091eb1e8e26genid5362	
_:Be350484aX2D0263X2D4acdX2Da142X2D4091eb1e8e26genid5377	
_:Be350484aX2D0263X2D4acdX2Da142X2D4091eb1e8e26genid5386	
_:Be350484aX2D0263X2D4acdX2Da142X2D4091eb1e8e26genid539	
_:Be350484aX2D0263X2D4acdX2Da142X2D4091eb1e8e26genid5397	
_:Be350484aX2D0263X2D4acdX2Da142X2D4091eb1e8e26genid5408	
_:Be350484aX2D0263X2D4acdX2Da142X2D4091eb1e8e26genid5415	
_:Be350484aX2D0263X2D4acdX2Da142X2D4091eb1e8e26genid5429	
_:Be350484aX2D0263X2D4acdX2Da142X2D4091eb1e8e26genid5442	
_:Be350484aX2D0263X2D4acdX2Da142X2D4091eb1e8e26genid5459	
_:Be350484aX2D0263X2D4acdX2Da142X2D4091eb1e8e26genid5473	
_:Be350484aX2D0263X2D4acdX2Da142X2D4091eb1e8e26genid548	
_:Be350484aX2D0263X2D4acdX2Da142X2D4091eb1e8e26genid5494	
_:Be350484aX2D0263X2D4acdX2Da142X2D4091eb1e8e26genid5514	
_:Be350484aX2D0263X2D4acdX2Da142X2D4091eb1e8e26genid5531	
_:Be350484aX2D0263X2D4acdX2Da142X2D4091eb1e8e26genid5539	
_:Be350484aX2D0263X2D4acdX2Da142X2D4091eb1e8e26genid5556	
_:Be350484aX2D0263X2D4acdX2Da142X2D4091eb1e8e26genid5569	
_:Be350484aX2D0263X2D4acdX2Da142X2D4091eb1e8e26genid5587	
_:Be350484aX2D0263X2D4acdX2Da142X2D4091eb1e8e26genid5594	
_:Be350484aX2D0263X2D4acdX2Da142X2D4091eb1e8e26genid5600	
_:Be350484aX2D0263X2D4acdX2Da142X2D4091eb1e8e26genid5639	
_:Be350484aX2D0263X2D4acdX2Da142X2D4091eb1e8e26genid5655	
_:Be350484aX2D0263X2D4acdX2Da142X2D4091eb1e8e26genid5703	
_:Be350484aX2D0263X2D4acdX2Da142X2D4091eb1e8e26genid5717	
_:Be350484aX2D0263X2D4acdX2Da142X2D4091eb1e8e26genid5732	
_:Be350484aX2D0263X2D4acdX2Da142X2D4091eb1e8e26genid5768	
_:Be350484aX2D0263X2D4acdX2Da142X2D4091eb1e8e26genid5783	
_:Be350484aX2D0263X2D4acdX2Da142X2D4091eb1e8e26genid5790	
_:Be350484aX2D0263X2D4acdX2Da142X2D4091eb1e8e26genid58	
_:Be350484aX2D0263X2D4acdX2Da142X2D4091eb1e8e26genid5805	
_:Be350484aX2D0263X2D4acdX2Da142X2D4091eb1e8e26genid5813	
_:Be350484aX2D0263X2D4acdX2Da142X2D4091eb1e8e26genid5844	
_:Be350484aX2D0263X2D4acdX2Da142X2D4091eb1e8e26genid5849	
_:Be350484aX2D0263X2D4acdX2Da142X2D4091eb1e8e26genid5855	
_:Be350484aX2D0263X2D4acdX2Da142X2D4091eb1e8e26genid5861	
_:Be350484aX2D0263X2D4acdX2Da142X2D4091eb1e8e26genid5879	
_:Be350484aX2D0263X2D4acdX2Da142X2D4091eb1e8e26genid5890	
_:Be350484aX2D0263X2D4acdX2Da142X2D4091eb1e8e26genid601	
_:Be350484aX2D0263X2D4acdX2Da142X2D4091eb1e8e26genid618	
_:Be350484aX2D0263X2D4acdX2Da142X2D4091eb1e8e26genid638	
_:Be350484aX2D0263X2D4acdX2Da142X2D4091eb1e8e26genid653	
_:Be350484aX2D0263X2D4acdX2Da142X2D4091eb1e8e26genid708	
_:Be350484aX2D0263X2D4acdX2Da142X2D4091eb1e8e26genid752	
_:Be350484aX2D0263X2D4acdX2Da142X2D4091eb1e8e26genid770	
_:Be350484aX2D0263X2D4acdX2Da142X2D4091eb1e8e26genid782	
_:Be350484aX2D0263X2D4acdX2Da142X2D4091eb1e8e26genid789	
_:Be350484aX2D0263X2D4acdX2Da142X2D4091eb1e8e26genid795	
_:Be350484aX2D0263X2D4acdX2Da142X2D4091eb1e8e26genid803	
_:Be350484aX2D0263X2D4acdX2Da142X2D4091eb1e8e26genid850	
_:Be350484aX2D0263X2D4acdX2Da142X2D4091eb1e8e26genid899	
_:Be350484aX2D0263X2D4acdX2Da142X2D4091eb1e8e26genid907	
_:Be350484aX2D0263X2D4acdX2Da142X2D4091eb1e8e26genid914	
_:Be350484aX2D0263X2D4acdX2Da142X2D4091eb1e8e26genid921	
_:Be350484aX2D0263X2D4acdX2Da142X2D4091eb1e8e26genid927	
_:Be350484aX2D0263X2D4acdX2Da142X2D4091eb1e8e26genid934	
_:Be350484aX2D0263X2D4acdX2Da142X2D4091eb1e8e26genid941	
_:Be350484aX2D0263X2D4acdX2Da142X2D4091eb1e8e26genid947	
_:Be350484aX2D0263X2D4acdX2Da142X2D4091eb1e8e26genid953	
_:Be350484aX2D0263X2D4acdX2Da142X2D4091eb1e8e26genid960	
_:Be350484aX2D0263X2D4acdX2Da142X2D4091eb1e8e26genid967	
_:Be350484aX2D0263X2D4acdX2Da142X2D4091eb1e8e26genid973	
_:Be350484aX2D0263X2D4acdX2Da142X2D4091eb1e8e26genid980	
_:Be350484aX2D0263X2D4acdX2Da142X2D4091eb1e8e26genid986	
_:Be350484aX2D0263X2D4acdX2Da142X2D4091eb1e8e26genid993	
<http://purl.obolibrary.org/obo/BFO_0000002>	"continuant"
<http://purl.obolibrary.org/obo/BFO_0000003>	"occurrent"
<http://purl.obolibrary.org/obo/BFO_0000004>	"independent continuant"
<http://purl.obolibrary.org/obo/BFO_0000015>	"process"
<http://purl.obolibrary.org/obo/BFO_0000020>	"specifically dependent continuant"
<http://purl.obolibrary.org/obo/BFO_0000040>	"material entity"
<http://purl.obolibrary.org/obo/BFO_0000141>	"immaterial entity"
<http://purl.obolibrary.org/obo/CL_0000000>	"cell"
<http://purl.obolibrary.org/obo/CL_0000007>	"early embryonic cell (metazoa)"
<http://purl.obolibrary.org/obo/CL_0000034>	"stem cell"
<http://purl.obolibrary.org/obo/CL_0000037>	"hematopoietic stem cell"
<http://purl.obolibrary.org/obo/CL_0000038>	"erythroid progenitor cell"
<http://purl.obolibrary.org/obo/CL_0000039>	"germ line cell"
<http://purl.obolibrary.org/obo/CL_0000048>	"multi fate stem cell"
<http://purl.obolibrary.org/obo/CL_0000049>	"common myeloid progenitor"
<http://purl.obolibrary.org/obo/CL_0000050>	"megakaryocyte-erythroid progenitor cell"
<http://purl.obolibrary.org/obo/CL_0000052>	"totipotent stem cell"
<http://purl.obolibrary.org/obo/CL_0000055>	"non-terminally differentiated cell"
<http://purl.obolibrary.org/obo/CL_0000056>	"myoblast"
<http://purl.obolibrary.org/obo/CL_0000057>	"fibroblast"
<http://purl.obolibrary.org/obo/CL_0000064>	"ciliated cell"
<http://purl.obolibrary.org/obo/CL_0000066>	"epithelial cell"
<http://purl.obolibrary.org/obo/CL_0000067>	"ciliated epithelial cell"
<http://purl.obolibrary.org/obo/CL_0000068>	"duct epithelial cell"
<http://purl.obolibrary.org/obo/CL_0000071>	"blood vessel endothelial cell"
<http://purl.obolibrary.org/obo/CL_0000072>	"non-branched duct epithelial cell"
<http://purl.obolibrary.org/obo/CL_0000075>	"columnar/cuboidal epithelial cell"
<http://purl.obolibrary.org/obo/CL_0000076>	"squamous epithelial cell"
<http://purl.obolibrary.org/obo/CL_0000081>	"blood cell"
<http://purl.obolibrary.org/obo/CL_0000115>	"endothelial cell"
<http://purl.obolibrary.org/obo/CL_0000133>	"neurectodermal cell"
<http://purl.obolibrary.org/obo/CL_0000134>	"mesenchymal stem cell"
<http://purl.obolibrary.org/obo/CL_0000151>	"secretory cell"
<http://purl.obolibrary.org/obo/CL_0000154>	"protein secreting cell"
<http://purl.obolibrary.org/obo/CL_0000183>	"contractile cell"
<http://purl.obolibrary.org/obo/CL_0000187>	"muscle cell"
<http://purl.obolibrary.org/obo/CL_0000192>	"smooth muscle cell"
<http://purl.obolibrary.org/obo/CL_0000211>	"electrically active cell"
<http://purl.obolibrary.org/obo/CL_0000213>	"lining cell"
<http://purl.obolibrary.org/obo/CL_0000215>	"barrier cell"
<http://purl.obolibrary.org/obo/CL_0000219>	"motile cell"
<http://purl.obolibrary.org/obo/CL_0000221>	"ectodermal cell"
<http://purl.obolibrary.org/obo/CL_0000222>	"mesodermal cell"
<http://purl.obolibrary.org/obo/CL_0000223>	"endodermal cell"
<http://purl.obolibrary.org/obo/CL_0000232>	"erythrocyte"
<http://purl.obolibrary.org/obo/CL_0000239>	"brush border epithelial cell"
<http://purl.obolibrary.org/obo/CL_0000255>	"eukaryotic cell"
<http://purl.obolibrary.org/obo/CL_0000329>	"oxygen accumulating cell"
<http://purl.obolibrary.org/obo/CL_0000333>	"migratory neural crest cell"
<http://purl.obolibrary.org/obo/CL_0000335>	"mesenchyme condensation cell"
<http://purl.obolibrary.org/obo/CL_0000352>	"epiblast cell"
<http://purl.obolibrary.org/obo/CL_0000365>	"animal zygote"
<http://purl.obolibrary.org/obo/CL_0000393>	"electrically responsive cell"
<http://purl.obolibrary.org/obo/CL_0000404>	"electrically signaling cell"
<http://purl.obolibrary.org/obo/CL_0000514>	"smooth muscle myoblast"
<http://purl.obolibrary.org/obo/CL_0000540>	"neuron"
<http://purl.obolibrary.org/obo/CL_0000547>	"proerythroblast"
<http://purl.obolibrary.org/obo/CL_0000549>	"basophilic erythroblast"
<http://purl.obolibrary.org/obo/CL_0000550>	"polychromatophilic erythroblast"
<http://purl.obolibrary.org/obo/CL_0000552>	"orthochromatic erythroblast"
<http://purl.obolibrary.org/obo/CL_0000553>	"megakaryocyte progenitor cell"
<http://purl.obolibrary.org/obo/CL_0000556>	"megakaryocyte"
<http://purl.obolibrary.org/obo/CL_0000558>	"reticulocyte"
<http://purl.obolibrary.org/obo/CL_0000566>	"angioblastic mesenchymal cell"
<http://purl.obolibrary.org/obo/CL_0000586>	"germ cell"
<http://purl.obolibrary.org/obo/CL_0000630>	"supporting cell"
<http://purl.obolibrary.org/obo/CL_0000648>	"kidney granular cell"
<http://purl.obolibrary.org/obo/CL_0000650>	"mesangial cell"
<http://purl.obolibrary.org/obo/CL_0000666>	"fenestrated cell"
<http://purl.obolibrary.org/obo/CL_0000669>	"pericyte"
<http://purl.obolibrary.org/obo/CL_0000680>	"muscle precursor cell"
<http://purl.obolibrary.org/obo/CL_0000723>	"somatic stem cell"
<http://purl.obolibrary.org/obo/CL_0000763>	"myeloid cell"
<http://purl.obolibrary.org/obo/CL_0000764>	"erythroid lineage cell"
<http://purl.obolibrary.org/obo/CL_0000765>	"erythroblast"
<http://purl.obolibrary.org/obo/CL_0000837>	"hematopoietic multipotent progenitor cell"
<http://purl.obolibrary.org/obo/CL_0000839>	"myeloid lineage restricted progenitor cell"
<http://purl.obolibrary.org/obo/CL_0000988>	"hematopoietic cell"
<http://purl.obolibrary.org/obo/CL_0002031>	"hematopoietic lineage restricted progenitor cell"
<http://purl.obolibrary.org/obo/CL_0002032>	"hematopoietic oligopotent progenitor cell"
<http://purl.obolibrary.org/obo/CL_0002077>	"ecto-epithelial cell"
<http://purl.obolibrary.org/obo/CL_0002078>	"meso-epithelial cell"
<http://purl.obolibrary.org/obo/CL_0002139>	"endothelial cell of vascular tree"
<http://purl.obolibrary.org/obo/CL_0002173>	"extraglomerular mesangial cell"
<http://purl.obolibrary.org/obo/CL_0002188>	"glomerular endothelial cell"
<http://purl.obolibrary.org/obo/CL_0002242>	"nucleate cell"
<http://purl.obolibrary.org/obo/CL_0002305>	"epithelial cell of distal tubule"
<http://purl.obolibrary.org/obo/CL_0002306>	"epithelial cell of proximal tubule"
<http://purl.obolibrary.org/obo/CL_0002319>	"neural cell"
<http://purl.obolibrary.org/obo/CL_0002320>	"connective tissue cell"
<http://purl.obolibrary.org/obo/CL_0002321>	"embryonic cell (metazoa)"
<http://purl.obolibrary.org/obo/CL_0002494>	"cardiocyte"
<http://purl.obolibrary.org/obo/CL_0002518>	"kidney epithelial cell"
<http://purl.obolibrary.org/obo/CL_0002546>	"embryonic blood vessel endothelial progenitor cell"
<http://purl.obolibrary.org/obo/CL_0002584>	"renal cortical epithelial cell"
<http://purl.obolibrary.org/obo/CL_0002681>	"kidney cortical cell"
<http://purl.obolibrary.org/obo/CL_0005009>	"renal principal cell"
<http://purl.obolibrary.org/obo/CL_0007004>	"premigratory neural crest cell"
<http://purl.obolibrary.org/obo/CL_0008000>	"non-striated muscle cell"
<http://purl.obolibrary.org/obo/CL_0008001>	"hematopoietic precursor cell"
<http://purl.obolibrary.org/obo/CL_0008007>	"visceral muscle cell"
<http://purl.obolibrary.org/obo/CL_0008019>	"mesenchymal cell"
<http://purl.obolibrary.org/obo/CL_0008034>	"mural cell"
<http://purl.obolibrary.org/obo/CL_0010017>	"zygote"
<http://purl.obolibrary.org/obo/CL_0011012>	"neural crest cell"
<http://purl.obolibrary.org/obo/CL_0011026>	"progenitor cell"
<http://purl.obolibrary.org/obo/CL_0011115>	"precursor cell"
<http://purl.obolibrary.org/obo/CL_0017502>	"acidophilic cytoplasm"
<http://purl.obolibrary.org/obo/CL_0017503>	"basophilic cytoplasm"
<http://purl.obolibrary.org/obo/CL_0017504>	"polychromatophilic cytoplasm"
<http://purl.obolibrary.org/obo/CL_1000449>	"epithelial cell of nephron"
<http://purl.obolibrary.org/obo/CL_1000450>	"epithelial cell of glomerular capsule"
<http://purl.obolibrary.org/obo/CL_1000454>	"kidney collecting duct epithelial cell"
<http://purl.obolibrary.org/obo/CL_1000494>	"nephron tubule epithelial cell"
<http://purl.obolibrary.org/obo/CL_1000497>	"kidney cell"
<http://purl.obolibrary.org/obo/CL_1000500>	"kidney interstitial cell"
<http://purl.obolibrary.org/obo/CL_1000504>	"kidney medulla cell"
<http://purl.obolibrary.org/obo/CL_1000505>	"kidney pelvis cell"
<http://purl.obolibrary.org/obo/CL_1000507>	"kidney tubule cell"
<http://purl.obolibrary.org/obo/CL_1000510>	"kidney glomerular epithelial cell"
<http://purl.obolibrary.org/obo/CL_1000546>	"kidney medulla collecting duct epithelial cell"
<http://purl.obolibrary.org/obo/CL_1000550>	"kidney papillary duct principal epithelial cell"
<http://purl.obolibrary.org/obo/CL_1000612>	"kidney corpuscule cell"
<http://purl.obolibrary.org/obo/CL_1000615>	"kidney cortex tubule cell"
<http://purl.obolibrary.org/obo/CL_1000618>	"juxtaglomerular complex cell"
<http://purl.obolibrary.org/obo/CL_1000692>	"kidney interstitial fibroblast"
<http://purl.obolibrary.org/obo/CL_1000746>	"glomerular cell"
<http://purl.obolibrary.org/obo/CL_1000768>	"kidney connecting tubule epithelial cell"
<http://purl.obolibrary.org/obo/CL_1000849>	"kidney distal convoluted tubule epithelial cell"
<http://purl.obolibrary.org/obo/CL_1000854>	"kidney blood vessel cell"
<http://purl.obolibrary.org/obo/CL_1000891>	"kidney arterial blood vessel cell"
<http://purl.obolibrary.org/obo/CL_1000892>	"kidney capillary endothelial cell"
<http://purl.obolibrary.org/obo/CL_1000893>	"kidney venous blood vessel cell"
<http://purl.obolibrary.org/obo/CL_1000909>	"kidney loop of Henle epithelial cell"
<http://purl.obolibrary.org/obo/CL_1001016>	"kidney loop of Henle ascending limb epithelial cell"
<http://purl.obolibrary.org/obo/CL_1001021>	"kidney loop of Henle descending limb epithelial cell"
<http://purl.obolibrary.org/obo/CL_1001225>	"kidney collecting duct cell"
<http://purl.obolibrary.org/obo/CL_1001318>	"renal interstitial pericyte"
<http://purl.obolibrary.org/obo/CL_4030031>	"interstitial cell"
<http://purl.obolibrary.org/obo/CL_4033054>	"perivascular cell"
<http://purl.obolibrary.org/obo/GO_0000003>	"reproduction"
<http://purl.obolibrary.org/obo/GO_0000226>	"microtubule cytoskeleton organization"
<http://purl.obolibrary.org/obo/GO_0000278>	"mitotic cell cycle"
<http://purl.obolibrary.org/obo/GO_0000280>	"nuclear division"
<http://purl.obolibrary.org/obo/GO_0000785>	"chromatin"
<http://purl.obolibrary.org/obo/GO_0000792>	"heterochromatin"
<http://purl.obolibrary.org/obo/GO_0001508>	"action potential"
<http://purl.obolibrary.org/obo/GO_0001578>	"microtubule bundle formation"
<http://purl.obolibrary.org/obo/GO_0001677>	"formation of translation initiation ternary complex"
<http://purl.obolibrary.org/obo/GO_0001704>	"formation of primary germ layer"
<http://purl.obolibrary.org/obo/GO_0001705>	"ectoderm formation"
<http://purl.obolibrary.org/obo/GO_0001706>	"endoderm formation"
<http://purl.obolibrary.org/obo/GO_0001707>	"mesoderm formation"
<http://purl.obolibrary.org/obo/GO_0001763>	"morphogenesis of a branching structure"
<http://purl.obolibrary.org/obo/GO_0001838>	"embryonic epithelial tube formation"
<http://purl.obolibrary.org/obo/GO_0001841>	"neural tube formation"
<http://purl.obolibrary.org/obo/GO_0001977>	"renal system process involved in regulation of blood volume"
<http://purl.obolibrary.org/obo/GO_0001990>	"regulation of systemic arterial blood pressure by hormone"
<http://purl.obolibrary.org/obo/GO_0001991>	"regulation of systemic arterial blood pressure by circulatory renin-angiotensin"
<http://purl.obolibrary.org/obo/GO_0001999>	"renal response to blood flow involved in circulatory renin-angiotensin regulation of systemic arterial blood pressure"
<http://purl.obolibrary.org/obo/GO_0002001>	"renin secretion into blood stream"
<http://purl.obolibrary.org/obo/GO_0002009>	"morphogenesis of an epithelium"
<http://purl.obolibrary.org/obo/GO_0002244>	"hematopoietic progenitor cell differentiation"
<http://purl.obolibrary.org/obo/GO_0002262>	"myeloid cell homeostasis"
<http://purl.obolibrary.org/obo/GO_0002376>	"immune system process"
<http://purl.obolibrary.org/obo/GO_0003008>	"system process"
<http://purl.obolibrary.org/obo/GO_0003012>	"muscle system process"
<http://purl.obolibrary.org/obo/GO_0003013>	"circulatory system process"
<http://purl.obolibrary.org/obo/GO_0003014>	"renal system process"
<http://purl.obolibrary.org/obo/GO_0003044>	"regulation of systemic arterial blood pressure mediated by a chemical signal"
<http://purl.obolibrary.org/obo/GO_0003071>	"renal system process involved in regulation of systemic arterial blood pressure"
<http://purl.obolibrary.org/obo/GO_0003073>	"regulation of systemic arterial blood pressure"
<http://purl.obolibrary.org/obo/GO_0003081>	"regulation of systemic arterial blood pressure by renin-angiotensin"
<http://purl.obolibrary.org/obo/GO_0003091>	"renal water homeostasis"
<http://purl.obolibrary.org/obo/GO_0003093>	"regulation of glomerular filtration"
<http://purl.obolibrary.org/obo/GO_0003094>	"glomerular filtration"
<http://purl.obolibrary.org/obo/GO_0003097>	"renal water transport"
<http://purl.obolibrary.org/obo/GO_0005575>	"cellular_component"
<http://purl.obolibrary.org/obo/GO_0005576>	"extracellular region"
<http://purl.obolibrary.org/obo/GO_0005577>	"fibrinogen complex"
<http://purl.obolibrary.org/obo/GO_0005581>	"collagen trimer"
<http://purl.obolibrary.org/obo/GO_0005587>	"collagen type IV trimer"
<http://purl.obolibrary.org/obo/GO_0005604>	"basement membrane"
<http://purl.obolibrary.org/obo/GO_0005615>	"extracellular space"
<http://purl.obolibrary.org/obo/GO_0005622>	"intracellular anatomical structure"
<http://purl.obolibrary.org/obo/GO_0005634>	"nucleus"
<http://purl.obolibrary.org/obo/GO_0005694>	"chromosome"
<http://purl.obolibrary.org/obo/GO_0005730>	"nucleolus"
<http://purl.obolibrary.org/obo/GO_0005737>	"cytoplasm"
<http://purl.obolibrary.org/obo/GO_0005773>	"vacuole"
<http://purl.obolibrary.org/obo/GO_0005794>	"Golgi apparatus"
<http://purl.obolibrary.org/obo/GO_0005798>	"Golgi-associated vesicle"
<http://purl.obolibrary.org/obo/GO_0005840>	"ribosome"
<http://purl.obolibrary.org/obo/GO_0005856>	"cytoskeleton"
<http://purl.obolibrary.org/obo/GO_0005874>	"microtubule"
<http://purl.obolibrary.org/obo/GO_0005886>	"plasma membrane"
<http://purl.obolibrary.org/obo/GO_0005911>	"cell-cell junction"
<http://purl.obolibrary.org/obo/GO_0005929>	"cilium"
<http://purl.obolibrary.org/obo/GO_0005930>	"axoneme"
<http://purl.obolibrary.org/obo/GO_0006412>	"translation"
<http://purl.obolibrary.org/obo/GO_0006413>	"translational initiation"
<http://purl.obolibrary.org/obo/GO_0006414>	"translational elongation"
<http://purl.obolibrary.org/obo/GO_0006415>	"translational termination"
<http://purl.obolibrary.org/obo/GO_0006810>	"transport"
<http://purl.obolibrary.org/obo/GO_0006811>	"monoatomic ion transport"
<http://purl.obolibrary.org/obo/GO_0006833>	"water transport"
<http://purl.obolibrary.org/obo/GO_0006903>	"vesicle targeting"
<http://purl.obolibrary.org/obo/GO_0006915>	"apoptotic process"
<http://purl.obolibrary.org/obo/GO_0006921>	"cellular component disassembly involved in execution phase of apoptosis"
<http://purl.obolibrary.org/obo/GO_0006936>	"muscle contraction"
<http://purl.obolibrary.org/obo/GO_0006996>	"organelle organization"
<http://purl.obolibrary.org/obo/GO_0007010>	"cytoskeleton organization"
<http://purl.obolibrary.org/obo/GO_0007017>	"microtubule-based process"
<http://purl.obolibrary.org/obo/GO_0007018>	"microtubule-based movement"
<http://purl.obolibrary.org/obo/GO_0007049>	"cell cycle"
<http://purl.obolibrary.org/obo/GO_0007113>	"endomitotic cell cycle"
<http://purl.obolibrary.org/obo/GO_0007154>	"cell communication"
<http://purl.obolibrary.org/obo/GO_0007165>	"signal transduction"
<http://purl.obolibrary.org/obo/GO_0007267>	"cell-cell signaling"
<http://purl.obolibrary.org/obo/GO_0007268>	"chemical synaptic transmission"
<http://purl.obolibrary.org/obo/GO_0007275>	"multicellular organism development"
<http://purl.obolibrary.org/obo/GO_0007276>	"gamete generation"
<http://purl.obolibrary.org/obo/GO_0007369>	"gastrulation"
<http://purl.obolibrary.org/obo/GO_0007398>	"ectoderm development"
<http://purl.obolibrary.org/obo/GO_0007399>	"nervous system development"
<http://purl.obolibrary.org/obo/GO_0007492>	"endoderm development"
<http://purl.obolibrary.org/obo/GO_0007498>	"mesoderm development"
<http://purl.obolibrary.org/obo/GO_0007586>	"digestion"
<http://purl.obolibrary.org/obo/GO_0007588>	"excretion"
<http://purl.obolibrary.org/obo/GO_0008015>	"blood circulation"
<http://purl.obolibrary.org/obo/GO_0008104>	"protein localization"
<http://purl.obolibrary.org/obo/GO_0008150>	"biological_process"
<http://purl.obolibrary.org/obo/GO_0008152>	"metabolic process"
<http://purl.obolibrary.org/obo/GO_0008217>	"regulation of blood pressure"
<http://purl.obolibrary.org/obo/GO_0008219>	"cell death"
<http://purl.obolibrary.org/obo/GO_0009058>	"biosynthetic process"
<http://purl.obolibrary.org/obo/GO_0009059>	"macromolecule biosynthetic process"
<http://purl.obolibrary.org/obo/GO_0009306>	"protein secretion"
<http://purl.obolibrary.org/obo/GO_0009566>	"fertilization"
<http://purl.obolibrary.org/obo/GO_0009653>	"anatomical structure morphogenesis"
<http://purl.obolibrary.org/obo/GO_0009790>	"embryo development"
<http://purl.obolibrary.org/obo/GO_0009791>	"post-embryonic development"
<http://purl.obolibrary.org/obo/GO_0009792>	"embryo development ending in birth or egg hatching"
<http://purl.obolibrary.org/obo/GO_0009888>	"tissue development"
<http://purl.obolibrary.org/obo/GO_0009987>	"cellular process"
<http://purl.obolibrary.org/obo/GO_0010467>	"gene expression"
<http://purl.obolibrary.org/obo/GO_0010970>	"transport along microtubule"
<http://purl.obolibrary.org/obo/GO_0012501>	"programmed cell death"
<http://purl.obolibrary.org/obo/GO_0012505>	"endomembrane system"
<http://purl.obolibrary.org/obo/GO_0015031>	"protein transport"
<http://purl.obolibrary.org/obo/GO_0015630>	"microtubule cytoskeleton"
<http://purl.obolibrary.org/obo/GO_0015669>	"gas transport"
<http://purl.obolibrary.org/obo/GO_0015671>	"oxygen transport"
<http://purl.obolibrary.org/obo/GO_0016020>	"membrane"
<http://purl.obolibrary.org/obo/GO_0016043>	"cellular component organization"
<http://purl.obolibrary.org/obo/GO_0016050>	"vesicle organization"
<http://purl.obolibrary.org/obo/GO_0016192>	"vesicle-mediated transport"
<http://purl.obolibrary.org/obo/GO_0016331>	"morphogenesis of embryonic epithelium"
<http://purl.obolibrary.org/obo/GO_0016477>	"cell migration"
<http://purl.obolibrary.org/obo/GO_0017145>	"stem cell division"
<http://purl.obolibrary.org/obo/GO_0019226>	"transmission of nerve impulse"
<http://purl.obolibrary.org/obo/GO_0019538>	"protein metabolic process"
<http://purl.obolibrary.org/obo/GO_0019953>	"sexual reproduction"
<http://purl.obolibrary.org/obo/GO_0021915>	"neural tube development"
<http://purl.obolibrary.org/obo/GO_0022402>	"cell cycle process"
<http://purl.obolibrary.org/obo/GO_0022406>	"membrane docking"
<http://purl.obolibrary.org/obo/GO_0022411>	"cellular component disassembly"
<http://purl.obolibrary.org/obo/GO_0022414>	"reproductive process"
<http://purl.obolibrary.org/obo/GO_0022600>	"digestive system process"
<http://purl.obolibrary.org/obo/GO_0022607>	"cellular component assembly"
<http://purl.obolibrary.org/obo/GO_0022613>	"ribonucleoprotein complex biogenesis"
<http://purl.obolibrary.org/obo/GO_0022618>	"protein-RNA complex assembly"
<http://purl.obolibrary.org/obo/GO_0023052>	"signaling"
<http://purl.obolibrary.org/obo/GO_0023061>	"signal release"
<http://purl.obolibrary.org/obo/GO_0030030>	"cell projection organization"
<http://purl.obolibrary.org/obo/GO_0030031>	"cell projection assembly"
<http://purl.obolibrary.org/obo/GO_0030054>	"cell junction"
<http://purl.obolibrary.org/obo/GO_0030097>	"hemopoiesis"
<http://purl.obolibrary.org/obo/GO_0030099>	"myeloid cell differentiation"
<http://purl.obolibrary.org/obo/GO_0030154>	"cell differentiation"
<http://purl.obolibrary.org/obo/GO_0030218>	"erythrocyte differentiation"
<http://purl.obolibrary.org/obo/GO_0030219>	"megakaryocyte differentiation"
<http://purl.obolibrary.org/obo/GO_0030261>	"chromosome condensation"
<http://purl.obolibrary.org/obo/GO_0030262>	"apoptotic nuclear changes"
<http://purl.obolibrary.org/obo/GO_0030263>	"apoptotic chromosome condensation"
<http://purl.obolibrary.org/obo/GO_0030312>	"external encapsulating structure"
<http://purl.obolibrary.org/obo/GO_0030705>	"cytoskeleton-dependent intracellular transport"
<http://purl.obolibrary.org/obo/GO_0030990>	"intraciliary transport particle"
<http://purl.obolibrary.org/obo/GO_0031012>	"extracellular matrix"
<http://purl.obolibrary.org/obo/GO_0031410>	"cytoplasmic vesicle"
<http://purl.obolibrary.org/obo/GO_0031503>	"protein-containing complex localization"
<http://purl.obolibrary.org/obo/GO_0031974>	"membrane-enclosed lumen"
<http://purl.obolibrary.org/obo/GO_0031981>	"nuclear lumen"
<http://purl.obolibrary.org/obo/GO_0031982>	"vesicle"
<http://purl.obolibrary.org/obo/GO_0032059>	"bleb"
<http://purl.obolibrary.org/obo/GO_0032060>	"bleb assembly"
<http://purl.obolibrary.org/obo/GO_0032501>	"multicellular organismal process"
<http://purl.obolibrary.org/obo/GO_0032502>	"developmental process"
<http://purl.obolibrary.org/obo/GO_0032504>	"multicellular organism reproduction"
<http://purl.obolibrary.org/obo/GO_0032838>	"plasma membrane bounded cell projection cytoplasm"
<http://purl.obolibrary.org/obo/GO_0032940>	"secretion by cell"
<http://purl.obolibrary.org/obo/GO_0032984>	"protein-containing complex disassembly"
<http://purl.obolibrary.org/obo/GO_0032991>	"protein-containing complex"
<http://purl.obolibrary.org/obo/GO_0032993>	"protein-DNA complex"
<http://purl.obolibrary.org/obo/GO_0033036>	"macromolecule localization"
<http://purl.obolibrary.org/obo/GO_0033365>	"protein localization to organelle"
<http://purl.obolibrary.org/obo/GO_0034101>	"erythrocyte homeostasis"
<http://purl.obolibrary.org/obo/GO_0034220>	"monoatomic ion transmembrane transport"
<http://purl.obolibrary.org/obo/GO_0035082>	"axoneme assembly"
<http://purl.obolibrary.org/obo/GO_0035148>	"tube formation"
<http://purl.obolibrary.org/obo/GO_0035239>	"tube morphogenesis"
<http://purl.obolibrary.org/obo/GO_0035295>	"tube development"
<http://purl.obolibrary.org/obo/GO_0035592>	"establishment of protein localization to extracellular region"
<http://purl.obolibrary.org/obo/GO_0035735>	"intraciliary transport involved in cilium assembly"
<http://purl.obolibrary.org/obo/GO_0035869>	"ciliary transition zone"
<http://purl.obolibrary.org/obo/GO_0040011>	"locomotion"
<http://purl.obolibrary.org/obo/GO_0040016>	"embryonic cleavage"
<http://purl.obolibrary.org/obo/GO_0042044>	"fluid transport"
<http://purl.obolibrary.org/obo/GO_0042073>	"intraciliary transport"
<http://purl.obolibrary.org/obo/GO_0042391>	"regulation of membrane potential"
<http://purl.obolibrary.org/obo/GO_0042592>	"homeostatic process"
<http://purl.obolibrary.org/obo/GO_0042995>	"cell projection"
<http://purl.obolibrary.org/obo/GO_0043009>	"chordate embryonic development"
<http://purl.obolibrary.org/obo/GO_0043073>	"germ cell nucleus"
<http://purl.obolibrary.org/obo/GO_0043170>	"macromolecule metabolic process"
<http://purl.obolibrary.org/obo/GO_0043226>	"organelle"
<http://purl.obolibrary.org/obo/GO_0043227>	"membrane-bounded organelle"
<http://purl.obolibrary.org/obo/GO_0043228>	"non-membrane-bounded organelle"
<http://purl.obolibrary.org/obo/GO_0043229>	"intracellular organelle"
<http://purl.obolibrary.org/obo/GO_0043230>	"extracellular organelle"
<http://purl.obolibrary.org/obo/GO_0043231>	"intracellular membrane-bounded organelle"
<http://purl.obolibrary.org/obo/GO_0043232>	"intracellular non-membrane-bounded organelle"
<http://purl.obolibrary.org/obo/GO_0043233>	"organelle lumen"
<http://purl.obolibrary.org/obo/GO_0043933>	"protein-containing complex organization"
<http://purl.obolibrary.org/obo/GO_0044057>	"regulation of system process"
<http://purl.obolibrary.org/obo/GO_0044085>	"cellular component biogenesis"
<http://purl.obolibrary.org/obo/GO_0044207>	"translation initiation ternary complex"
<http://purl.obolibrary.org/obo/GO_0044237>	"cellular metabolic process"
<http://purl.obolibrary.org/obo/GO_0044238>	"primary metabolic process"
<http://purl.obolibrary.org/obo/GO_0044249>	"cellular biosynthetic process"
<http://purl.obolibrary.org/obo/GO_0044782>	"cilium organization"
<http://purl.obolibrary.org/obo/GO_0045184>	"establishment of protein localization"
<http://purl.obolibrary.org/obo/GO_0045202>	"synapse"
<http://purl.obolibrary.org/obo/GO_0046903>	"secretion"
<http://purl.obolibrary.org/obo/GO_0046907>	"intracellular transport"
<http://purl.obolibrary.org/obo/GO_0048103>	"somatic stem cell division"
<http://purl.obolibrary.org/obo/GO_0048193>	"Golgi vesicle transport"
<http://purl.obolibrary.org/obo/GO_0048199>	"vesicle targeting, to, from or within Golgi"
<http://purl.obolibrary.org/obo/GO_0048285>	"organelle fission"
<http://purl.obolibrary.org/obo/GO_0048332>	"mesoderm morphogenesis"
<http://purl.obolibrary.org/obo/GO_0048468>	"cell development"
<http://purl.obolibrary.org/obo/GO_0048513>	"animal organ development"
<http://purl.obolibrary.org/obo/GO_0048598>	"embryonic morphogenesis"
<http://purl.obolibrary.org/obo/GO_0048609>	"multicellular organismal reproductive process"
<http://purl.obolibrary.org/obo/GO_0048646>	"anatomical structure formation involved in morphogenesis"
<http://purl.obolibrary.org/obo/GO_0048729>	"tissue morphogenesis"
<http://purl.obolibrary.org/obo/GO_0048731>	"system development"
<http://purl.obolibrary.org/obo/GO_0048754>	"branching morphogenesis of an epithelial tube"
<http://purl.obolibrary.org/obo/GO_0048856>	"anatomical structure development"
<http://purl.obolibrary.org/obo/GO_0048869>	"cellular developmental process"
<http://purl.obolibrary.org/obo/GO_0048870>	"cell motility"
<http://purl.obolibrary.org/obo/GO_0048871>	"multicellular organismal-level homeostasis"
<http://purl.obolibrary.org/obo/GO_0048872>	"homeostasis of number of cells"
<http://purl.obolibrary.org/obo/GO_0050789>	"regulation of biological process"
<http://purl.obolibrary.org/obo/GO_0050794>	"regulation of cellular process"
<http://purl.obolibrary.org/obo/GO_0050877>	"nervous system process"
<http://purl.obolibrary.org/obo/GO_0050878>	"regulation of body fluid levels"
<http://purl.obolibrary.org/obo/GO_0050886>	"endocrine process"
<http://purl.obolibrary.org/obo/GO_0050891>	"multicellular organismal-level water homeostasis"
<http://purl.obolibrary.org/obo/GO_0050896>	"response to stimulus"
<http://purl.obolibrary.org/obo/GO_0051179>	"localization"
<http://purl.obolibrary.org/obo/GO_0051234>	"establishment of localization"
<http://purl.obolibrary.org/obo/GO_0051239>	"regulation of multicellular organismal process"
<http://purl.obolibrary.org/obo/GO_0051276>	"chromosome organization"
<http://purl.obolibrary.org/obo/GO_0051301>	"cell division"
<http://purl.obolibrary.org/obo/GO_0051640>	"organelle localization"
<http://purl.obolibrary.org/obo/GO_0051641>	"cellular localization"
<http://purl.obolibrary.org/obo/GO_0051648>	"vesicle localization"
<http://purl.obolibrary.org/obo/GO_0051649>	"establishment of localization in cell"
<http://purl.obolibrary.org/obo/GO_0051650>	"establishment of vesicle localization"
<http://purl.obolibrary.org/obo/GO_0051656>	"establishment of organelle localization"
<http://purl.obolibrary.org/obo/GO_0051716>	"cellular response to stimulus"
<http://purl.obolibrary.org/obo/GO_0055085>	"transmembrane transport"
<http://purl.obolibrary.org/obo/GO_0060073>	"micturition"
<http://purl.obolibrary.org/obo/GO_0060271>	"cilium assembly"
<http://purl.obolibrary.org/obo/GO_0060429>	"epithelium development"
<http://purl.obolibrary.org/obo/GO_0060562>	"epithelial tube morphogenesis"
<http://purl.obolibrary.org/obo/GO_0061138>	"morphogenesis of a branching epithelium"
<http://purl.obolibrary.org/obo/GO_0061512>	"protein localization to cilium"
<http://purl.obolibrary.org/obo/GO_0062023>	"collagen-containing extracellular matrix"
<http://purl.obolibrary.org/obo/GO_0065003>	"protein-containing complex assembly"
<http://purl.obolibrary.org/obo/GO_0065007>	"biological regulation"
<http://purl.obolibrary.org/obo/GO_0065008>	"regulation of biological quality"
<http://purl.obolibrary.org/obo/GO_0065010>	"extracellular membrane-bounded organelle"
<http://purl.obolibrary.org/obo/GO_0070013>	"intracellular organelle lumen"
<http://purl.obolibrary.org/obo/GO_0070062>	"extracellular exosome"
<http://purl.obolibrary.org/obo/GO_0070161>	"anchoring junction"
<http://purl.obolibrary.org/obo/GO_0070293>	"renal absorption"
<http://purl.obolibrary.org/obo/GO_0070295>	"renal water absorption"
<http://purl.obolibrary.org/obo/GO_0070727>	"cellular macromolecule localization"
<http://purl.obolibrary.org/obo/GO_0070925>	"organelle assembly"
<http://purl.obolibrary.org/obo/GO_0071692>	"protein localization to extracellular region"
<http://purl.obolibrary.org/obo/GO_0071702>	"organic substance transport"
<http://purl.obolibrary.org/obo/GO_0071704>	"organic substance metabolic process"
<http://purl.obolibrary.org/obo/GO_0071826>	"protein-RNA complex organization"
<http://purl.obolibrary.org/obo/GO_0071840>	"cellular component organization or biogenesis"
<http://purl.obolibrary.org/obo/GO_0071944>	"cell periphery"
<http://purl.obolibrary.org/obo/GO_0071971>	"extracellular exosome assembly"
<http://purl.obolibrary.org/obo/GO_0072175>	"epithelial tube formation"
<http://purl.obolibrary.org/obo/GO_0097014>	"ciliary plasm"
<http://purl.obolibrary.org/obo/GO_0097190>	"apoptotic signaling pathway"
<http://purl.obolibrary.org/obo/GO_0097194>	"execution phase of apoptosis"
<http://purl.obolibrary.org/obo/GO_0097205>	"renal filtration"
<http://purl.obolibrary.org/obo/GO_0097254>	"renal tubular secretion"
<http://purl.obolibrary.org/obo/GO_0097427>	"microtubule bundle"
<http://purl.obolibrary.org/obo/GO_0097708>	"intracellular vesicle"
<http://purl.obolibrary.org/obo/GO_0097711>	"ciliary basal body-plasma membrane docking"
<http://purl.obolibrary.org/obo/GO_0097712>	"vesicle targeting, trans-Golgi to periciliary membrane compartment"
<http://purl.obolibrary.org/obo/GO_0097734>	"extracellular exosome biogenesis"
<http://purl.obolibrary.org/obo/GO_0098590>	"plasma membrane region"
<http://purl.obolibrary.org/obo/GO_0098642>	"network-forming collagen trimer"
<http://purl.obolibrary.org/obo/GO_0098644>	"complex of collagen trimers"
<http://purl.obolibrary.org/obo/GO_0098645>	"collagen network"
<http://purl.obolibrary.org/obo/GO_0098651>	"basement membrane collagen trimer"
<http://purl.obolibrary.org/obo/GO_0098793>	"presynapse"
<http://purl.obolibrary.org/obo/GO_0098794>	"postsynapse"
<http://purl.obolibrary.org/obo/GO_0098801>	"regulation of renal system process"
<http://purl.obolibrary.org/obo/GO_0098916>	"anterograde trans-synaptic signaling"
<http://purl.obolibrary.org/obo/GO_0099080>	"supramolecular complex"
<http://purl.obolibrary.org/obo/GO_0099081>	"supramolecular polymer"
<http://purl.obolibrary.org/obo/GO_0099111>	"microtubule-based transport"
<http://purl.obolibrary.org/obo/GO_0099512>	"supramolecular fiber"
<http://purl.obolibrary.org/obo/GO_0099513>	"polymeric cytoskeletal fiber"
<http://purl.obolibrary.org/obo/GO_0099536>	"synaptic signaling"
<http://purl.obolibrary.org/obo/GO_0099537>	"trans-synaptic signaling"
<http://purl.obolibrary.org/obo/GO_0099568>	"cytoplasmic region"
<http://purl.obolibrary.org/obo/GO_0110165>	"cellular anatomical entity"
<http://purl.obolibrary.org/obo/GO_0120025>	"plasma membrane bounded cell projection"
<http://purl.obolibrary.org/obo/GO_0120031>	"plasma membrane bounded cell projection assembly"
<http://purl.obolibrary.org/obo/GO_0120036>	"plasma membrane bounded cell projection organization"
<http://purl.obolibrary.org/obo/GO_0140014>	"mitotic nuclear division"
<http://purl.obolibrary.org/obo/GO_0140056>	"organelle localization by membrane tethering"
<http://purl.obolibrary.org/obo/GO_0140112>	"extracellular vesicle biogenesis"
<http://purl.obolibrary.org/obo/GO_0140352>	"export from cell"
<http://purl.obolibrary.org/obo/GO_1901576>	"organic substance biosynthetic process"
<http://purl.obolibrary.org/obo/GO_1903047>	"mitotic cell cycle process"
<http://purl.obolibrary.org/obo/GO_1903561>	"extracellular vesicle"
<http://purl.obolibrary.org/obo/GO_1905349>	"ciliary transition zone assembly"
<http://purl.obolibrary.org/obo/GO_1990904>	"ribonucleoprotein complex"
<http://purl.obolibrary.org/obo/NCBITaxon_1>	"root"
<http://purl.obolibrary.org/obo/NCBITaxon_10066>	"Muridae"
<http://purl.obolibrary.org/obo/NCBITaxon_10088>	"Mus <genus>"
<http://purl.obolibrary.org/obo/NCBITaxon_10090>	"Mus musculus"
<http://purl.obolibrary.org/obo/NCBITaxon_117570>	"Teleostomi"
<http://purl.obolibrary.org/obo/NCBITaxon_117571>	"Euteleostomi"
<http://purl.obolibrary.org/obo/NCBITaxon_131567>	"cellular organisms"
<http://purl.obolibrary.org/obo/NCBITaxon_1338369>	"Dipnotetrapodomorpha"
<http://purl.obolibrary.org/obo/NCBITaxon_1437010>	"Boreoeutheria"
<http://purl.obolibrary.org/obo/NCBITaxon_1963758>	"Myomorpha"
<http://purl.obolibrary.org/obo/NCBITaxon_2759>	"Eukaryota"
<http://purl.obolibrary.org/obo/NCBITaxon_314146>	"Euarchontoglires"
<http://purl.obolibrary.org/obo/NCBITaxon_314147>	"Glires"
<http://purl.obolibrary.org/obo/NCBITaxon_32523>	"Tetrapoda"
<http://purl.obolibrary.org/obo/NCBITaxon_32524>	"Amniota"
<http://purl.obolibrary.org/obo/NCBITaxon_32525>	"Theria <mammals>"
<http://purl.obolibrary.org/obo/NCBITaxon_33154>	"Opisthokonta"
<http://purl.obolibrary.org/obo/NCBITaxon_33208>	"Metazoa"
<http://purl.obolibrary.org/obo/NCBITaxon_33213>	"Bilateria"
<http://purl.obolibrary.org/obo/NCBITaxon_33511>	"Deuterostomia"
<http://purl.obolibrary.org/obo/NCBITaxon_337687>	"Muroidea"
<http://purl.obolibrary.org/obo/NCBITaxon_39107>	"Murinae"
<http://purl.obolibrary.org/obo/NCBITaxon_40674>	"Mammalia"
<http://purl.obolibrary.org/obo/NCBITaxon_6072>	"Eumetazoa"
<http://purl.obolibrary.org/obo/NCBITaxon_7711>	"Chordata"
<http://purl.obolibrary.org/obo/NCBITaxon_7742>	"Vertebrata <vertebrates>"
<http://purl.obolibrary.org/obo/NCBITaxon_7776>	"Gnathostomata <vertebrates>"
<http://purl.obolibrary.org/obo/NCBITaxon_8287>	"Sarcopterygii"
<http://purl.obolibrary.org/obo/NCBITaxon_862507>	"Mus <subgenus>"
<http://purl.obolibrary.org/obo/NCBITaxon_89593>	"Craniata <chordates>"
<http://purl.obolibrary.org/obo/NCBITaxon_9347>	"Eutheria"
<http://purl.obolibrary.org/obo/NCBITaxon_9989>	"Rodentia"
<http://purl.obolibrary.org/obo/PATO_0000001>	"quality"
<http://purl.obolibrary.org/obo/PATO_0000051>	"morphology"
<http://purl.obolibrary.org/obo/PATO_0000052>	"shape"
<http://purl.obolibrary.org/obo/PATO_0000141>	"structure"
<http://purl.obolibrary.org/obo/PATO_0000402>	"branched"
<http://purl.obolibrary.org/obo/PATO_0000411>	"circular"
<http://purl.obolibrary.org/obo/PATO_0000947>	"elliptic"
<http://purl.obolibrary.org/obo/PATO_0001018>	"physical quality"
<http://purl.obolibrary.org/obo/PATO_0001241>	"physical object quality"
<http://purl.obolibrary.org/obo/PATO_0001374>	"ploidy"
<http://purl.obolibrary.org/obo/PATO_0001393>	"euploid"
<http://purl.obolibrary.org/obo/PATO_0001396>	"cellular quality"
<http://purl.obolibrary.org/obo/PATO_0001397>	"cellular potency"
<http://purl.obolibrary.org/obo/PATO_0001400>	"unipotent"
<http://purl.obolibrary.org/obo/PATO_0001401>	"oligopotent"
<http://purl.obolibrary.org/obo/PATO_0001402>	"multipotent"
<http://purl.obolibrary.org/obo/PATO_0001404>	"nucleate quality"
<http://purl.obolibrary.org/obo/PATO_0001548>	"quality of a liquid"
<http://purl.obolibrary.org/obo/PATO_0001579>	"contractility"
<http://purl.obolibrary.org/obo/PATO_0001690>	"contractile"
<http://purl.obolibrary.org/obo/PATO_0001857>	"concave"
<http://purl.obolibrary.org/obo/PATO_0001873>	"cylindrical"
<http://purl.obolibrary.org/obo/PATO_0001987>	"saccular"
<http://purl.obolibrary.org/obo/PATO_0001992>	"cellularity"
<http://purl.obolibrary.org/obo/PATO_0001993>	"multicellular"
<http://purl.obolibrary.org/obo/PATO_0001995>	"organismal quality"
<http://purl.obolibrary.org/obo/PATO_0002005>	"concavity"
<http://purl.obolibrary.org/obo/PATO_0002006>	"2-D shape"
<http://purl.obolibrary.org/obo/PATO_0002007>	"convex 3-D shape"
<http://purl.obolibrary.org/obo/PATO_0002009>	"branchiness"
<http://purl.obolibrary.org/obo/PATO_0002014>	"structure, cavities"
<http://purl.obolibrary.org/obo/PATO_0002039>	"biconcave"
<http://purl.obolibrary.org/obo/PATO_0002045>	"dendritic"
<http://purl.obolibrary.org/obo/PATO_0002078>	"hollow"
<http://purl.obolibrary.org/obo/PATO_0002094>	"basophilic"
<http://purl.obolibrary.org/obo/PATO_0002124>	"laminar"
<http://purl.obolibrary.org/obo/PATO_0002198>	"quality of a substance"
<http://purl.obolibrary.org/obo/PATO_0002226>	"subcylindrical"
<http://purl.obolibrary.org/obo/PATO_0002266>	"3-D shape"
<http://purl.obolibrary.org/obo/PATO_0002299>	"tubular"
<http://purl.obolibrary.org/obo/PATO_0002309>	"fiber shaped"
<http://purl.obolibrary.org/obo/PATO_0002318>	"superelliptic"
<http://purl.obolibrary.org/obo/PATO_0002418>	"acidophilic"
<http://purl.obolibrary.org/obo/PATO_0002468>	"distensible"
<http://purl.obolibrary.org/obo/PATO_0002505>	"nucleated"
<http://purl.obolibrary.org/obo/PATO_0010001>	"disconnected"
<http://purl.obolibrary.org/obo/PATO_0015006>	"polymeric"
<http://purl.obolibrary.org/obo/PATO_0015008>	"distensibility"
<http://purl.obolibrary.org/obo/PATO_0040072>	"high nuclear/cytoplasmic ratio"
<http://purl.obolibrary.org/obo/PATO_0070044>	"anatomical structure quality"
<http://purl.obolibrary.org/obo/PATO_0070045>	"anatomical histological quality"
<http://purl.obolibrary.org/obo/PATO_0070047>	"polychromatophilic"
<http://purl.obolibrary.org/obo/PR_000000001>	"protein"
<http://purl.obolibrary.org/obo/PR_000001002>	"CD19 molecule"
<http://purl.obolibrary.org/obo/PR_000001003>	"CD34 molecule"
<http://purl.obolibrary.org/obo/PR_000001004>	"CD4 molecule"
<http://purl.obolibrary.org/obo/PR_000001005>	"integrin alpha with A domain"
<http://purl.obolibrary.org/obo/PR_000001012>	"integrin alpha-M"
<http://purl.obolibrary.org/obo/PR_000001018>	"CD3 subunit with immunoglobulin domain"
<http://purl.obolibrary.org/obo/PR_000001020>	"CD3 epsilon"
<http://purl.obolibrary.org/obo/PR_000001022>	"neural cell adhesion molecule"
<http://purl.obolibrary.org/obo/PR_000001023>	"neural cell adhesion molecule NCAM"
<http://purl.obolibrary.org/obo/PR_000001024>	"neural cell adhesion molecule 1"
<http://purl.obolibrary.org/obo/PR_000001083>	"CD2 molecule"
<http://purl.obolibrary.org/obo/PR_000001084>	"T-cell surface glycoprotein CD8 alpha chain"
<http://purl.obolibrary.org/obo/PR_000001289>	"membrane-spanning 4-domains subfamily A member 1"
<http://purl.obolibrary.org/obo/PR_000001327>	"cadherin"
<http://purl.obolibrary.org/obo/PR_000001444>	"cadherin-5"
<http://purl.obolibrary.org/obo/PR_000001839>	"T-cell surface glycoprotein CD5"
<http://purl.obolibrary.org/obo/PR_000001869>	"interleukin-7 receptor subunit alpha"
<http://purl.obolibrary.org/obo/PR_000001889>	"CD14 molecule"
<http://purl.obolibrary.org/obo/PR_000001945>	"transferrin receptor protein 1"
<http://purl.obolibrary.org/obo/PR_000001971>	"vascular endothelial growth factor receptor"
<http://purl.obolibrary.org/obo/PR_000002112>	"vascular endothelial growth factor receptor 2"
<http://purl.obolibrary.org/obo/PR_000002976>	"Ly-6-like protein"
<http://purl.obolibrary.org/obo/PR_000002978>	"lymphocyte antigen 6G"
<http://purl.obolibrary.org/obo/PR_000002981>	"lymphocyte antigen 76 (mouse)"
<http://purl.obolibrary.org/obo/PR_000013883>	"renin"
<http://purl.obolibrary.org/obo/PR_000014841>	"sonic hedgehog protein"
<http://purl.obolibrary.org/obo/PR_000016043>	"T-cell acute lymphocytic leukemia protein 1"
<http://purl.obolibrary.org/obo/PR_000025796>	"integrin alpha"
<http://purl.obolibrary.org/obo/PR_000029032>	"Mus musculus protein"
<http://purl.obolibrary.org/obo/PR_000036194>	"eukaryotic protein"
<http://purl.obolibrary.org/obo/PR_000050025>	"angiotensinogenase"
<http://purl.obolibrary.org/obo/PR_000050567>	"protein-containing material entity"
<http://purl.obolibrary.org/obo/UBERON_0000000>	"processual entity"
<http://purl.obolibrary.org/obo/UBERON_0000025>	"tube"
<http://purl.obolibrary.org/obo/UBERON_0000026>	"appendage"
<http://purl.obolibrary.org/obo/UBERON_0000055>	"vessel"
<http://purl.obolibrary.org/obo/UBERON_0000056>	"ureter"
<http://purl.obolibrary.org/obo/UBERON_0000057>	"urethra"
<http://purl.obolibrary.org/obo/UBERON_0000058>	"duct"
<http://purl.obolibrary.org/obo/UBERON_0000060>	"anatomical wall"
<http://purl.obolibrary.org/obo/UBERON_0000061>	"anatomical structure"
<http://purl.obolibrary.org/obo/UBERON_0000062>	"organ"
<http://purl.obolibrary.org/obo/UBERON_0000063>	"organ subunit"
<http://purl.obolibrary.org/obo/UBERON_0000064>	"organ part"
<http://purl.obolibrary.org/obo/UBERON_0000066>	"fully formed stage"
<http://purl.obolibrary.org/obo/UBERON_0000068>	"embryo stage"
<http://purl.obolibrary.org/obo/UBERON_0000071>	"death stage"
<http://purl.obolibrary.org/obo/UBERON_0000074>	"renal glomerulus"
<http://purl.obolibrary.org/obo/UBERON_0000075>	"subdivision of skeletal system"
<http://purl.obolibrary.org/obo/UBERON_0000080>	"mesonephros"
<http://purl.obolibrary.org/obo/UBERON_0000081>	"metanephros"
<http://purl.obolibrary.org/obo/UBERON_0000083>	"mesonephric tubule"
<http://purl.obolibrary.org/obo/UBERON_0000084>	"ureteric bud"
<http://purl.obolibrary.org/obo/UBERON_0000092>	"post-embryonic stage"
<http://purl.obolibrary.org/obo/UBERON_0000104>	"life cycle"
<http://purl.obolibrary.org/obo/UBERON_0000105>	"life cycle stage"
<http://purl.obolibrary.org/obo/UBERON_0000106>	"zygote stage"
<http://purl.obolibrary.org/obo/UBERON_0000107>	"cleavage stage"
<http://purl.obolibrary.org/obo/UBERON_0000108>	"blastula stage"
<http://purl.obolibrary.org/obo/UBERON_0000109>	"gastrula stage"
<http://purl.obolibrary.org/obo/UBERON_0000110>	"neurula stage"
<http://purl.obolibrary.org/obo/UBERON_0000111>	"organogenesis stage"
<http://purl.obolibrary.org/obo/UBERON_0000119>	"cell layer"
<http://purl.obolibrary.org/obo/UBERON_0000154>	"posterior region of body"
<http://purl.obolibrary.org/obo/UBERON_0000158>	"membranous layer"
<http://purl.obolibrary.org/obo/UBERON_0000161>	"orifice"
<http://purl.obolibrary.org/obo/UBERON_0000162>	"cloaca"
<http://purl.obolibrary.org/obo/UBERON_0000163>	"embryonic cloaca"
<http://purl.obolibrary.org/obo/UBERON_0000164>	"primitive urogenital sinus"
<http://purl.obolibrary.org/obo/UBERON_0000165>	"mouth"
<http://purl.obolibrary.org/obo/UBERON_0000174>	"excreta"
<http://purl.obolibrary.org/obo/UBERON_0000178>	"blood"
<http://purl.obolibrary.org/obo/UBERON_0000179>	"haemolymphatic fluid"
<http://purl.obolibrary.org/obo/UBERON_0000307>	"blastula"
<http://purl.obolibrary.org/obo/UBERON_0000353>	"parenchyma"
<http://purl.obolibrary.org/obo/UBERON_0000362>	"renal medulla"
<http://purl.obolibrary.org/obo/UBERON_0000383>	"musculature of body"
<http://purl.obolibrary.org/obo/UBERON_0000463>	"organism substance"
<http://purl.obolibrary.org/obo/UBERON_0000464>	"anatomical space"
<http://purl.obolibrary.org/obo/UBERON_0000465>	"material anatomical entity"
<http://purl.obolibrary.org/obo/UBERON_0000466>	"immaterial anatomical entity"
<http://purl.obolibrary.org/obo/UBERON_0000467>	"anatomical system"
<http://purl.obolibrary.org/obo/UBERON_0000468>	"multicellular organism"
<http://purl.obolibrary.org/obo/UBERON_0000471>	"compound organ component"
<http://purl.obolibrary.org/obo/UBERON_0000475>	"organism subdivision"
<http://purl.obolibrary.org/obo/UBERON_0000476>	"acellular anatomical structure"
<http://purl.obolibrary.org/obo/UBERON_0000477>	"anatomical cluster"
<http://purl.obolibrary.org/obo/UBERON_0000479>	"tissue"
<http://purl.obolibrary.org/obo/UBERON_0000481>	"multi-tissue structure"
<http://purl.obolibrary.org/obo/UBERON_0000483>	"epithelium"
<http://purl.obolibrary.org/obo/UBERON_0000485>	"simple columnar epithelium"
<http://purl.obolibrary.org/obo/UBERON_0000487>	"simple squamous epithelium"
<http://purl.obolibrary.org/obo/UBERON_0000489>	"cavitated compound organ"
<http://purl.obolibrary.org/obo/UBERON_0000490>	"unilaminar epithelium"
<http://purl.obolibrary.org/obo/UBERON_0000915>	"thoracic segment of trunk"
<http://purl.obolibrary.org/obo/UBERON_0000916>	"abdomen"
<http://purl.obolibrary.org/obo/UBERON_0000922>	"embryo"
<http://purl.obolibrary.org/obo/UBERON_0000923>	"germ layer"
<http://purl.obolibrary.org/obo/UBERON_0000924>	"ectoderm"
<http://purl.obolibrary.org/obo/UBERON_0000925>	"endoderm"
<http://purl.obolibrary.org/obo/UBERON_0000926>	"mesoderm"
<http://purl.obolibrary.org/obo/UBERON_0000930>	"stomodeum"
<http://purl.obolibrary.org/obo/UBERON_0000931>	"proctodeum"
<http://purl.obolibrary.org/obo/UBERON_0000948>	"heart"
<http://purl.obolibrary.org/obo/UBERON_0000957>	"lamina"
<http://purl.obolibrary.org/obo/UBERON_0000958>	"medulla of organ"
<http://purl.obolibrary.org/obo/UBERON_0000982>	"skeletal joint"
<http://purl.obolibrary.org/obo/UBERON_0000990>	"reproductive system"
<http://purl.obolibrary.org/obo/UBERON_0000991>	"gonad"
<http://purl.obolibrary.org/obo/UBERON_0001007>	"digestive system"
<http://purl.obolibrary.org/obo/UBERON_0001008>	"renal system"
<http://purl.obolibrary.org/obo/UBERON_0001009>	"circulatory system"
<http://purl.obolibrary.org/obo/UBERON_0001015>	"musculature"
<http://purl.obolibrary.org/obo/UBERON_0001016>	"nervous system"
<http://purl.obolibrary.org/obo/UBERON_0001017>	"central nervous system"
<http://purl.obolibrary.org/obo/UBERON_0001041>	"foregut"
<http://purl.obolibrary.org/obo/UBERON_0001045>	"midgut"
<http://purl.obolibrary.org/obo/UBERON_0001046>	"hindgut"
<http://purl.obolibrary.org/obo/UBERON_0001048>	"primordium"
<http://purl.obolibrary.org/obo/UBERON_0001049>	"neural tube"
<http://purl.obolibrary.org/obo/UBERON_0001062>	"anatomical entity"
<http://purl.obolibrary.org/obo/UBERON_0001072>	"posterior vena cava"
<http://purl.obolibrary.org/obo/UBERON_0001088>	"urine"
<http://purl.obolibrary.org/obo/UBERON_0001140>	"renal vein"
<http://purl.obolibrary.org/obo/UBERON_0001224>	"renal pelvis"
<http://purl.obolibrary.org/obo/UBERON_0001225>	"cortex of kidney"
<http://purl.obolibrary.org/obo/UBERON_0001229>	"renal corpuscle"
<http://purl.obolibrary.org/obo/UBERON_0001230>	"glomerular capsule"
<http://purl.obolibrary.org/obo/UBERON_0001231>	"nephron tubule"
<http://purl.obolibrary.org/obo/UBERON_0001232>	"collecting duct of renal tubule"
<http://purl.obolibrary.org/obo/UBERON_0001245>	"anus"
<http://purl.obolibrary.org/obo/UBERON_0001255>	"urinary bladder"
<http://purl.obolibrary.org/obo/UBERON_0001271>	"pelvic girdle region"
<http://purl.obolibrary.org/obo/UBERON_0001285>	"nephron"
<http://purl.obolibrary.org/obo/UBERON_0001287>	"proximal convoluted tubule"
<http://purl.obolibrary.org/obo/UBERON_0001288>	"loop of Henle"
<http://purl.obolibrary.org/obo/UBERON_0001289>	"descending limb of loop of Henle"
<http://purl.obolibrary.org/obo/UBERON_0001290>	"proximal straight tubule"
<http://purl.obolibrary.org/obo/UBERON_0001292>	"distal convoluted tubule"
<http://purl.obolibrary.org/obo/UBERON_0001293>	"outer medulla of kidney"
<http://purl.obolibrary.org/obo/UBERON_0001353>	"anal region"
<http://purl.obolibrary.org/obo/UBERON_0001434>	"skeletal system"
<http://purl.obolibrary.org/obo/UBERON_0001552>	"kidney arcuate artery"
<http://purl.obolibrary.org/obo/UBERON_0001555>	"digestive tract"
<http://purl.obolibrary.org/obo/UBERON_0001556>	"lower urinary tract"
<http://purl.obolibrary.org/obo/UBERON_0001630>	"muscle organ"
<http://purl.obolibrary.org/obo/UBERON_0001637>	"artery"
<http://purl.obolibrary.org/obo/UBERON_0001638>	"vein"
<http://purl.obolibrary.org/obo/UBERON_0001851>	"cortex"
<http://purl.obolibrary.org/obo/UBERON_0001969>	"blood plasma"
<http://purl.obolibrary.org/obo/UBERON_0001979>	"venule"
<http://purl.obolibrary.org/obo/UBERON_0001980>	"arteriole"
<http://purl.obolibrary.org/obo/UBERON_0001981>	"blood vessel"
<http://purl.obolibrary.org/obo/UBERON_0001982>	"capillary"
<http://purl.obolibrary.org/obo/UBERON_0001986>	"endothelium"
<http://purl.obolibrary.org/obo/UBERON_0002049>	"vasculature"
<http://purl.obolibrary.org/obo/UBERON_0002050>	"embryonic structure"
<http://purl.obolibrary.org/obo/UBERON_0002075>	"viscus"
<http://purl.obolibrary.org/obo/UBERON_0002078>	"right cardiac atrium"
<http://purl.obolibrary.org/obo/UBERON_0002081>	"cardiac atrium"
<http://purl.obolibrary.org/obo/UBERON_0002090>	"postcranial axial skeleton"
<http://purl.obolibrary.org/obo/UBERON_0002091>	"appendicular skeleton"
<http://purl.obolibrary.org/obo/UBERON_0002100>	"trunk"
<http://purl.obolibrary.org/obo/UBERON_0002113>	"kidney"
<http://purl.obolibrary.org/obo/UBERON_0002120>	"pronephros"
<http://purl.obolibrary.org/obo/UBERON_0002193>	"hemolymphoid system"
<http://purl.obolibrary.org/obo/UBERON_0002201>	"vasculature of trunk"
<http://purl.obolibrary.org/obo/UBERON_0002204>	"musculoskeletal system"
<http://purl.obolibrary.org/obo/UBERON_0002224>	"thoracic cavity"
<http://purl.obolibrary.org/obo/UBERON_0002303>	"juxtaglomerular apparatus"
<http://purl.obolibrary.org/obo/UBERON_0002319>	"mesangium"
<http://purl.obolibrary.org/obo/UBERON_0002321>	"extraglomerular mesangium"
<http://purl.obolibrary.org/obo/UBERON_0002323>	"coelemic cavity lumen"
<http://purl.obolibrary.org/obo/UBERON_0002328>	"notochord"
<http://purl.obolibrary.org/obo/UBERON_0002329>	"somite"
<http://purl.obolibrary.org/obo/UBERON_0002335>	"macula densa"
<http://purl.obolibrary.org/obo/UBERON_0002342>	"neural crest"
<http://purl.obolibrary.org/obo/UBERON_0002346>	"neurectoderm"
<http://purl.obolibrary.org/obo/UBERON_0002355>	"pelvic region of trunk"
<http://purl.obolibrary.org/obo/UBERON_0002384>	"connective tissue"
<http://purl.obolibrary.org/obo/UBERON_0002385>	"muscle tissue"
<http://purl.obolibrary.org/obo/UBERON_0002390>	"hematopoietic system"
<http://purl.obolibrary.org/obo/UBERON_0002417>	"abdominal segment of trunk"
<http://purl.obolibrary.org/obo/UBERON_0002532>	"epiblast (generic)"
<http://purl.obolibrary.org/obo/UBERON_0002553>	"anatomical cavity"
<http://purl.obolibrary.org/obo/UBERON_0003059>	"presomitic mesoderm"
<http://purl.obolibrary.org/obo/UBERON_0003060>	"pronephric duct"
<http://purl.obolibrary.org/obo/UBERON_0003061>	"blood island"
<http://purl.obolibrary.org/obo/UBERON_0003064>	"intermediate mesoderm"
<http://purl.obolibrary.org/obo/UBERON_0003068>	"axial mesoderm"
<http://purl.obolibrary.org/obo/UBERON_0003074>	"mesonephric duct"
<http://purl.obolibrary.org/obo/UBERON_0003075>	"neural plate"
<http://purl.obolibrary.org/obo/UBERON_0003077>	"paraxial mesoderm"
<http://purl.obolibrary.org/obo/UBERON_0003081>	"lateral plate mesoderm"
<http://purl.obolibrary.org/obo/UBERON_0003084>	"heart primordium"
<http://purl.obolibrary.org/obo/UBERON_0003089>	"sclerotome"
<http://purl.obolibrary.org/obo/UBERON_0003103>	"compound organ"
<http://purl.obolibrary.org/obo/UBERON_0003104>	"mesenchyme"
<http://purl.obolibrary.org/obo/UBERON_0003133>	"reproductive organ"
<http://purl.obolibrary.org/obo/UBERON_0003220>	"metanephric mesenchyme"
<http://purl.obolibrary.org/obo/UBERON_0003479>	"thoracic cavity vein"
<http://purl.obolibrary.org/obo/UBERON_0003497>	"abdomen blood vessel"
<http://purl.obolibrary.org/obo/UBERON_0003509>	"arterial blood vessel"
<http://purl.obolibrary.org/obo/UBERON_0003513>	"trunk blood vessel"
<http://purl.obolibrary.org/obo/UBERON_0003517>	"kidney blood vessel"
<http://purl.obolibrary.org/obo/UBERON_0003519>	"thoracic cavity blood vessel"
<http://purl.obolibrary.org/obo/UBERON_0003527>	"kidney capillary"
<http://purl.obolibrary.org/obo/UBERON_0003644>	"kidney arterial blood vessel"
<http://purl.obolibrary.org/obo/UBERON_0003835>	"abdominal segment blood vessel"
<http://purl.obolibrary.org/obo/UBERON_0003886>	"future coelemic cavity lumen"
<http://purl.obolibrary.org/obo/UBERON_0003887>	"intraembryonic coelom"
<http://purl.obolibrary.org/obo/UBERON_0003891>	"stroma"
<http://purl.obolibrary.org/obo/UBERON_0003914>	"epithelial tube"
<http://purl.obolibrary.org/obo/UBERON_0003918>	"kidney mesenchyme"
<http://purl.obolibrary.org/obo/UBERON_0003920>	"venous blood vessel"
<http://purl.obolibrary.org/obo/UBERON_0004087>	"vena cava"
<http://purl.obolibrary.org/obo/UBERON_0004100>	"renal collecting system"
<http://purl.obolibrary.org/obo/UBERON_0004111>	"anatomical conduit"
<http://purl.obolibrary.org/obo/UBERON_0004120>	"mesoderm-derived structure"
<http://purl.obolibrary.org/obo/UBERON_0004121>	"ectoderm-derived structure"
<http://purl.obolibrary.org/obo/UBERON_0004122>	"genitourinary system"
<http://purl.obolibrary.org/obo/UBERON_0004134>	"proximal tubule"
<http://purl.obolibrary.org/obo/UBERON_0004135>	"distal tubule"
<http://purl.obolibrary.org/obo/UBERON_0004136>	"intermediate tubule"
<http://purl.obolibrary.org/obo/UBERON_0004139>	"cardiogenic plate"
<http://purl.obolibrary.org/obo/UBERON_0004140>	"primary heart field"
<http://purl.obolibrary.org/obo/UBERON_0004141>	"heart tube"
<http://purl.obolibrary.org/obo/UBERON_0004151>	"cardiac chamber"
<http://purl.obolibrary.org/obo/UBERON_0004176>	"external genitalia"
<http://purl.obolibrary.org/obo/UBERON_0004188>	"glomerular epithelium"
<http://purl.obolibrary.org/obo/UBERON_0004190>	"renal glomerulus vasculature"
<http://purl.obolibrary.org/obo/UBERON_0004198>	"comma-shaped body"
<http://purl.obolibrary.org/obo/UBERON_0004199>	"S-shaped body"
<http://purl.obolibrary.org/obo/UBERON_0004200>	"kidney pyramid"
<http://purl.obolibrary.org/obo/UBERON_0004202>	"kidney outer medulla outer stripe"
<http://purl.obolibrary.org/obo/UBERON_0004208>	"nephrogenic mesenchyme"
<http://purl.obolibrary.org/obo/UBERON_0004209>	"renal vesicle"
<http://purl.obolibrary.org/obo/UBERON_0004211>	"nephron epithelium"
<http://purl.obolibrary.org/obo/UBERON_0004212>	"glomerular capillary"
<http://purl.obolibrary.org/obo/UBERON_0004288>	"skeleton"
<http://purl.obolibrary.org/obo/UBERON_0004291>	"heart rudiment"
<http://purl.obolibrary.org/obo/UBERON_0004341>	"primitive streak"
<http://purl.obolibrary.org/obo/UBERON_0004535>	"cardiovascular system"
<http://purl.obolibrary.org/obo/UBERON_0004537>	"blood vasculature"
<http://purl.obolibrary.org/obo/UBERON_0004572>	"arterial system"
<http://purl.obolibrary.org/obo/UBERON_0004582>	"venous system"
<http://purl.obolibrary.org/obo/UBERON_0004638>	"blood vessel endothelium"
<http://purl.obolibrary.org/obo/UBERON_0004639>	"renal afferent arteriole"
<http://purl.obolibrary.org/obo/UBERON_0004716>	"conceptus"
<http://purl.obolibrary.org/obo/UBERON_0004723>	"interlobular artery"
<http://purl.obolibrary.org/obo/UBERON_0004734>	"gastrula"
<http://purl.obolibrary.org/obo/UBERON_0004765>	"skeletal element"
<http://purl.obolibrary.org/obo/UBERON_0004770>	"articular system"
<http://purl.obolibrary.org/obo/UBERON_0004810>	"nephron tubule epithelium"
<http://purl.obolibrary.org/obo/UBERON_0004819>	"kidney epithelium"
<http://purl.obolibrary.org/obo/UBERON_0004852>	"cardiovascular system endothelium"
<http://purl.obolibrary.org/obo/UBERON_0004872>	"splanchnic layer of lateral plate mesoderm"
<http://purl.obolibrary.org/obo/UBERON_0004874>	"somatopleure"
<http://purl.obolibrary.org/obo/UBERON_0004875>	"nephrogenic cord"
<http://purl.obolibrary.org/obo/UBERON_0004876>	"urogenital fold"
<http://purl.obolibrary.org/obo/UBERON_0004880>	"chordamesoderm"
<http://purl.obolibrary.org/obo/UBERON_0004905>	"articulation"
<http://purl.obolibrary.org/obo/UBERON_0004921>	"subdivision of digestive tract"
<http://purl.obolibrary.org/obo/UBERON_0004923>	"organ component layer"
<http://purl.obolibrary.org/obo/UBERON_0005061>	"neural groove"
<http://purl.obolibrary.org/obo/UBERON_0005062>	"neural fold"
<http://purl.obolibrary.org/obo/UBERON_0005068>	"neural rod"
<http://purl.obolibrary.org/obo/UBERON_0005080>	"metanephric ureteric bud"
<http://purl.obolibrary.org/obo/UBERON_0005081>	"ureter ureteric bud"
<http://purl.obolibrary.org/obo/UBERON_0005090>	"muscle structure"
<http://purl.obolibrary.org/obo/UBERON_0005095>	"kidney rudiment"
<http://purl.obolibrary.org/obo/UBERON_0005096>	"descending thin limb"
<http://purl.obolibrary.org/obo/UBERON_0005097>	"renal connecting tubule"
<http://purl.obolibrary.org/obo/UBERON_0005103>	"mesonephric epithelium"
<http://purl.obolibrary.org/obo/UBERON_0005156>	"reproductive structure"
<http://purl.obolibrary.org/obo/UBERON_0005157>	"epithelial fold"
<http://purl.obolibrary.org/obo/UBERON_0005164>	"ascending limb of loop of Henle"
<http://purl.obolibrary.org/obo/UBERON_0005167>	"papillary duct"
<http://purl.obolibrary.org/obo/UBERON_0005169>	"interstitial tissue"
<http://purl.obolibrary.org/obo/UBERON_0005172>	"abdomen element"
<http://purl.obolibrary.org/obo/UBERON_0005173>	"abdominal segment element"
<http://purl.obolibrary.org/obo/UBERON_0005177>	"trunk region element"
<http://purl.obolibrary.org/obo/UBERON_0005178>	"thoracic cavity element"
<http://purl.obolibrary.org/obo/UBERON_0005179>	"pelvic region element"
<http://purl.obolibrary.org/obo/UBERON_0005181>	"thoracic segment organ"
<http://purl.obolibrary.org/obo/UBERON_0005185>	"renal medulla collecting duct"
<http://purl.obolibrary.org/obo/UBERON_0005215>	"kidney interstitium"
<http://purl.obolibrary.org/obo/UBERON_0005256>	"trunk mesenchyme"
<http://purl.obolibrary.org/obo/UBERON_0005291>	"embryonic tissue"
<http://purl.obolibrary.org/obo/UBERON_0005423>	"developing anatomical structure"
<http://purl.obolibrary.org/obo/UBERON_0005498>	"primitive heart tube"
<http://purl.obolibrary.org/obo/UBERON_0005564>	"gonad primordium"
<http://purl.obolibrary.org/obo/UBERON_0005721>	"pronephric mesoderm"
<http://purl.obolibrary.org/obo/UBERON_0005749>	"glomerular tuft"
<http://purl.obolibrary.org/obo/UBERON_0005753>	"caudal part of nephrogenic cord"
<http://purl.obolibrary.org/obo/UBERON_0005754>	"rostral part of nephrogenic cord"
<http://purl.obolibrary.org/obo/UBERON_0005764>	"acellular membrane"
<http://purl.obolibrary.org/obo/UBERON_0005769>	"basement membrane of epithelium"
<http://purl.obolibrary.org/obo/UBERON_0005777>	"glomerular basement membrane"
<http://purl.obolibrary.org/obo/UBERON_0005792>	"nephric ridge"
<http://purl.obolibrary.org/obo/UBERON_0005856>	"developing mesenchymal condensation"
<http://purl.obolibrary.org/obo/UBERON_0005944>	"axial skeleton plus cranial skeleton"
<http://purl.obolibrary.org/obo/UBERON_0006217>	"cloacal membrane"
<http://purl.obolibrary.org/obo/UBERON_0006267>	"notochordal plate"
<http://purl.obolibrary.org/obo/UBERON_0006268>	"notochordal process"
<http://purl.obolibrary.org/obo/UBERON_0006314>	"bodily fluid"
<http://purl.obolibrary.org/obo/UBERON_0006534>	"renal convoluted tubule"
<http://purl.obolibrary.org/obo/UBERON_0006542>	"outer medulla outer stripe loop of Henle"
<http://purl.obolibrary.org/obo/UBERON_0006544>	"kidney vasculature"
<http://purl.obolibrary.org/obo/UBERON_0006553>	"renal duct"
<http://purl.obolibrary.org/obo/UBERON_0006555>	"excretory tube"
<http://purl.obolibrary.org/obo/UBERON_0006595>	"presumptive endoderm"
<http://purl.obolibrary.org/obo/UBERON_0006596>	"presumptive blood"
<http://purl.obolibrary.org/obo/UBERON_0006598>	"presumptive structure"
<http://purl.obolibrary.org/obo/UBERON_0006601>	"presumptive ectoderm"
<http://purl.obolibrary.org/obo/UBERON_0006603>	"presumptive mesoderm"
<http://purl.obolibrary.org/obo/UBERON_0006853>	"renal cortex tubule"
<http://purl.obolibrary.org/obo/UBERON_0006866>	"terminal part of digestive tract"
<http://purl.obolibrary.org/obo/UBERON_0006876>	"vasculature of organ"
<http://purl.obolibrary.org/obo/UBERON_0006914>	"squamous epithelium"
<http://purl.obolibrary.org/obo/UBERON_0006965>	"vascular cord"
<http://purl.obolibrary.org/obo/UBERON_0006984>	"anatomical surface"
<http://purl.obolibrary.org/obo/UBERON_0007005>	"cardiogenic splanchnic mesoderm"
<http://purl.obolibrary.org/obo/UBERON_0007010>	"cleaving embryo"
<http://purl.obolibrary.org/obo/UBERON_0007026>	"presumptive gut"
<http://purl.obolibrary.org/obo/UBERON_0007100>	"primary circulatory organ"
<http://purl.obolibrary.org/obo/UBERON_0007135>	"neural keel"
<http://purl.obolibrary.org/obo/UBERON_0007282>	"presumptive segmental plate"
<http://purl.obolibrary.org/obo/UBERON_0007284>	"presumptive neural plate"
<http://purl.obolibrary.org/obo/UBERON_0007285>	"presumptive paraxial mesoderm"
<http://purl.obolibrary.org/obo/UBERON_0007297>	"presumptive pronephric mesoderm"
<http://purl.obolibrary.org/obo/UBERON_0007499>	"epithelial sac"
<http://purl.obolibrary.org/obo/UBERON_0007500>	"epithelial tube open at both ends"
<http://purl.obolibrary.org/obo/UBERON_0007503>	"epithelial vesicle"
<http://purl.obolibrary.org/obo/UBERON_0007524>	"dense mesenchyme tissue"
<http://purl.obolibrary.org/obo/UBERON_0007530>	"migrating mesenchyme population"
<http://purl.obolibrary.org/obo/UBERON_0007684>	"uriniferous tubule"
<http://purl.obolibrary.org/obo/UBERON_0007685>	"region of nephron tubule"
<http://purl.obolibrary.org/obo/UBERON_0007687>	"kidney field"
<http://purl.obolibrary.org/obo/UBERON_0007688>	"anlage"
<http://purl.obolibrary.org/obo/UBERON_0007798>	"vascular system"
<http://purl.obolibrary.org/obo/UBERON_0007823>	"appendage girdle region"
<http://purl.obolibrary.org/obo/UBERON_0007832>	"pelvic girdle skeleton"
<http://purl.obolibrary.org/obo/UBERON_0008987>	"renal parenchyma"
<http://purl.obolibrary.org/obo/UBERON_0009035>	"renal straight tubule"
<http://purl.obolibrary.org/obo/UBERON_0009142>	"entire embryonic mesenchyme"
<http://purl.obolibrary.org/obo/UBERON_0009196>	"indifferent external genitalia"
<http://purl.obolibrary.org/obo/UBERON_0009201>	"nephric duct"
<http://purl.obolibrary.org/obo/UBERON_0009569>	"subdivision of trunk"
<http://purl.obolibrary.org/obo/UBERON_0009618>	"trunk paraxial mesoderm"
<http://purl.obolibrary.org/obo/UBERON_0009773>	"renal tubule"
<http://purl.obolibrary.org/obo/UBERON_0009856>	"sac"
<http://purl.obolibrary.org/obo/UBERON_0009881>	"anterior lateral plate mesoderm"
<http://purl.obolibrary.org/obo/UBERON_0009885>	"interlobar artery"
<http://purl.obolibrary.org/obo/UBERON_0009912>	"anatomical lobe"
<http://purl.obolibrary.org/obo/UBERON_0009913>	"renal lobe"
<http://purl.obolibrary.org/obo/UBERON_0010000>	"multicellular anatomical structure"
<http://purl.obolibrary.org/obo/UBERON_0010199>	"bona-fide anatomical boundary"
<http://purl.obolibrary.org/obo/UBERON_0010227>	"future cardiac atrium"
<http://purl.obolibrary.org/obo/UBERON_0010314>	"structure with developmental contribution from neural crest"
<http://purl.obolibrary.org/obo/UBERON_0010316>	"germ layer / neural crest"
<http://purl.obolibrary.org/obo/UBERON_0010371>	"ecto-epithelium"
<http://purl.obolibrary.org/obo/UBERON_0010377>	"mesenchyme from somatopleure"
<http://purl.obolibrary.org/obo/UBERON_0010523>	"microcirculatory vessel"
<http://purl.obolibrary.org/obo/UBERON_0010532>	"primitive nephron"
<http://purl.obolibrary.org/obo/UBERON_0010536>	"nephron progenitor"
<http://purl.obolibrary.org/obo/UBERON_0010707>	"appendage girdle complex"
<http://purl.obolibrary.org/obo/UBERON_0010709>	"pelvic complex"
<http://purl.obolibrary.org/obo/UBERON_0010719>	"girdle skeleton"
<http://purl.obolibrary.org/obo/UBERON_0010912>	"subdivision of skeleton"
<http://purl.obolibrary.org/obo/UBERON_0011137>	"axial skeletal system"
<http://purl.obolibrary.org/obo/UBERON_0011138>	"postcranial axial skeletal system"
<http://purl.obolibrary.org/obo/UBERON_0011143>	"upper urinary tract"
<http://purl.obolibrary.org/obo/UBERON_0011216>	"organ system subdivision"
<http://purl.obolibrary.org/obo/UBERON_0011249>	"appendicular skeletal system"
<http://purl.obolibrary.org/obo/UBERON_0011585>	"cell condensation"
<http://purl.obolibrary.org/obo/UBERON_0011676>	"subdivision of organism along main body axis"
<http://purl.obolibrary.org/obo/UBERON_0011695>	"embryonic cardiovascular system"
<http://purl.obolibrary.org/obo/UBERON_0011997>	"coelom"
<http://purl.obolibrary.org/obo/UBERON_0012274>	"columnar epithelium"
<http://purl.obolibrary.org/obo/UBERON_0012275>	"meso-epithelium"
<http://purl.obolibrary.org/obo/UBERON_0012292>	"embryonic cloacal fold"
<http://purl.obolibrary.org/obo/UBERON_0012361>	"internal anal region"
<http://purl.obolibrary.org/obo/UBERON_0012469>	"external anal region"
<http://purl.obolibrary.org/obo/UBERON_0012476>	"skeleton of pelvic complex"
<http://purl.obolibrary.org/obo/UBERON_0013241>	"embryonic urethral groove"
<http://purl.obolibrary.org/obo/UBERON_0013522>	"subdivision of tube"
<http://purl.obolibrary.org/obo/UBERON_0013686>	"anatomical conduit space"
<http://purl.obolibrary.org/obo/UBERON_0013701>	"main body axis"
<http://purl.obolibrary.org/obo/UBERON_0013702>	"body proper"
<http://purl.obolibrary.org/obo/UBERON_0013756>	"venous blood"
<http://purl.obolibrary.org/obo/UBERON_0013768>	"great vessel of heart"
<http://purl.obolibrary.org/obo/UBERON_0014477>	"thoracic skeleton"
<http://purl.obolibrary.org/obo/UBERON_0014903>	"primordial vasculature"
<http://purl.obolibrary.org/obo/UBERON_0015212>	"lateral structure"
<http://purl.obolibrary.org/obo/UBERON_0015228>	"circulatory organ"
<http://purl.obolibrary.org/obo/UBERON_0015410>	"heart plus pericardium"
<http://purl.obolibrary.org/obo/UBERON_0016566>	"pit"
<http://purl.obolibrary.org/obo/UBERON_0016879>	"future central nervous system"
<http://purl.obolibrary.org/obo/UBERON_0016880>	"future nervous system"
<http://purl.obolibrary.org/obo/UBERON_0016887>	"entire extraembryonic component"
<http://purl.obolibrary.org/obo/UBERON_0018707>	"bladder organ"
<http://purl.obolibrary.org/obo/UBERON_0034921>	"multi organ part structure"
<http://purl.obolibrary.org/obo/UBERON_0034923>	"disconnected anatomical group"
<http://purl.obolibrary.org/obo/UBERON_0034925>	"anatomical collection"
<http://purl.obolibrary.org/obo/UBERON_0034969>	"epithelial layer of duct"
<http://purl.obolibrary.org/obo/UBERON_0034996>	"outer renal medulla loop of Henle"
<http://purl.obolibrary.org/obo/UBERON_0034997>	"renal medulla loop of Henle"
<http://purl.obolibrary.org/obo/UBERON_0035554>	"right cardiac chamber"
<http://purl.obolibrary.org/obo/UBERON_0035804>	"future mouth"
<http://purl.obolibrary.org/obo/UBERON_0036146>	"cardiopharyngeal field"
<http://purl.obolibrary.org/obo/UBERON_0036215>	"anatomical surface region"
<http://purl.obolibrary.org/obo/UBERON_0036295>	"renal pelvis/ureter"
<http://purl.obolibrary.org/obo/UBERON_8410081>	"blood microvessel"
<http://purl.obolibrary.org/obo/UBERON_8450002>	"excretory system"
<http://purl.obolibrary.org/obo/UBERON_8600004>	"visceral muscle tissue"
