CL:0000028	CNS neuron (sensu Nematoda and Protostomia)	UBERON:0001017	central nervous system	MA:0000167	central nervous system
CL:0000047	neuronal stem cell	UBERON:0001017	central nervous system	MA:0000167	central nervous system
CL:0000059	ameloblast	UBERON:0005176	tooth enamel organ	MA:0001604	tooth enamel organ
CL:0000060	odontoblast	UBERON:0005176	tooth enamel organ	MA:0001604	tooth enamel organ
CL:0000061	cementoblast	UBERON:0005176	tooth enamel organ	MA:0001604	tooth enamel organ
CL:0000071	blood vessel endothelial cell	UBERON:0004638	blood vessel endothelium	MA:0000709	blood vessel endothelium
CL:0000082	epithelial cell of lung	UBERON:0000115	lung epithelium	MA:0001783	lung epithelium
CL:0000082	epithelial cell of lung	UBERON:0002048	lung	MA:0000415	lung
CL:0000083	epithelial cell of pancreas	UBERON:0001264	pancreas	MA:0000120	pancreas
CL:0000091	Kupffer cell	UBERON:0001281	hepatic sinusoid	MA:0000367	liver sinusoid
CL:0000092	osteoclast	UBERON:0001474	bone element	MA:0001459	bone
CL:0000107	autonomic neuron	UBERON:0002410	autonomic nervous system	MA:0000219	autonomic nervous system
CL:0000117	CNS neuron (sensu Vertebrata)	UBERON:0001017	central nervous system	MA:0000167	central nervous system
CL:0000119	cerebellar Golgi cell	UBERON:0002129	cerebellar cortex	MA:0000199	cerebellar cortex
CL:0000121	Purkinje cell	UBERON:0002129	cerebellar cortex	MA:0000199	cerebellar cortex
CL:0000128	oligodendrocyte	UBERON:0001017	central nervous system	MA:0000167	central nervous system
CL:0000129	microglial cell	UBERON:0001017	central nervous system	MA:0000167	central nervous system
CL:0000137	osteocyte	UBERON:0002481	bone tissue	MA:0002780	bone tissue
CL:0000141	cementocyte	UBERON:0005176	tooth enamel organ	MA:0001604	tooth enamel organ
CL:0000163	endocrine cell	UBERON:0002368	endocrine gland	MA:0002563	endocrine gland
CL:0000169	type B pancreatic cell	UBERON:0000006	islet of Langerhans	MA:0000127	pancreatic islet
CL:0000171	pancreatic A cell	UBERON:0000006	islet of Langerhans	MA:0000127	pancreatic islet
CL:0000171	pancreatic A cell	UBERON:0001264	pancreas	MA:0000120	pancreas
CL:0000173	pancreatic D cell	UBERON:0000006	islet of Langerhans	MA:0000127	pancreatic islet
CL:0000173	pancreatic D cell	UBERON:0001264	pancreas	MA:0000120	pancreas
CL:0000175	luteal cell	UBERON:0002512	corpus luteum	MA:0002834	corpus luteum
CL:0000178	Leydig cell	UBERON:0005212	Leydig cell region of testis	MA:0002713	testis interstitial tissue
CL:0000182	hepatocyte	UBERON:0002107	liver	MA:0000358	liver
CL:0000188	cell of skeletal muscle	UBERON:0001134	skeletal muscle tissue	MA:0002439	skeletal muscle tissue
CL:0000202	auditory hair cell	UBERON:0002227	spiral organ of cochlea	MA:0001193	spiral organ
CL:0000207	olfactory receptor cell	UBERON:0005725	olfactory system	MA:0002445	olfactory system
CL:0000209	taste receptor cell	UBERON:0002025	stratum basale of epidermis	MA:0000803	epidermis stratum basale
CL:0000214	synovial cell	UBERON:0002018	synovial membrane of synovial joint	MA:0000114	synovium
CL:0000216	Sertoli cell	UBERON:0001343	seminiferous tubule of testis	MA:0000412	seminiferous tubule
CL:0000242	Merkel cell	UBERON:0002025	stratum basale of epidermis	MA:0000803	epidermis stratum basale
CL:0000307	tracheal epithelial cell	UBERON:0003126	trachea	MA:0000441	trachea
CL:0000312	keratinocyte	UBERON:0001003	skin epidermis	MA:0000153	epidermis
CL:0000317	sebum secreting cell	UBERON:0001821	sebaceous gland	MA:0002565	sebaceous gland
CL:0000322	pneumocyte	UBERON:0004821	pulmonary alveolus epithelium	MA:0001771	alveolus epithelium
CL:0000336	adrenal medulla chromaffin cell	UBERON:0001236	adrenal medulla	MA:0000119	adrenal gland medulla
CL:0000345	dental papilla cell	UBERON:0001763	odontogenic papilla	MA:0001598	dental papilla
CL:0000347	scleral cell	UBERON:0001773	sclera	MA:0000280	sclera
CL:0000348	choroidal cell of the eye	UBERON:0001776	optic choroid	MA:0000263	choroid
CL:0000355	multi-potent skeletal muscle stem cell	UBERON:0001134	skeletal muscle tissue	MA:0002439	skeletal muscle tissue
CL:0000388	tendon cell	UBERON:0000043	tendon	MA:0000115	tendon
CL:0000397	ganglion interneuron	UBERON:0000045	ganglion	MA:0002406	ganglion
CL:0000402	CNS interneuron	UBERON:0001017	central nervous system	MA:0000167	central nervous system
CL:0000436	vaginal lubricant secreting cell	UBERON:0000996	vagina	MA:0000394	vagina
CL:0000448	white fat cell	UBERON:0001347	white adipose tissue	MA:0000058	white adipose tissue
CL:0000449	brown fat cell	UBERON:0001348	brown adipose tissue	MA:0000057	brown adipose tissue
CL:0000484	connective tissue type mast cell	UBERON:0002384	connective tissue	MA:0000011	connective tissue
CL:0000485	mucosal type mast cell	UBERON:0001961	mucosa-associated lymphoid tissue	MA:0000140	mucosa associated lymphoid tissue
CL:0000510	paneth cell	UBERON:0001277	intestinal epithelium	MA:0001536	intestine epithelium
CL:0000556	megakaryocyte	UBERON:0002371	bone marrow	MA:0000134	bone marrow
CL:0000557	granulocyte monocyte progenitor cell	UBERON:0002371	bone marrow	MA:0000134	bone marrow
CL:0000570	parafollicular cell	UBERON:0001747	parenchyma of thyroid gland	MA:0000730	thyroid gland parenchyma
CL:0000575	corneal epithelial cell	UBERON:0000964	cornea	MA:0000266	cornea
CL:0000577	type EC enteroendocrine cell	UBERON:0004786	gastrointestinal system mucosa	MA:0001521	gastrointestinal system mucosa
CL:0000583	alveolar macrophage	UBERON:0002299	alveolus of lung	MA:0000420	lung alveolus
CL:0000594	skeletal muscle satellite cell	UBERON:0001134	skeletal muscle tissue	MA:0002439	skeletal muscle tissue
CL:0000601	outer hair cell	UBERON:0002227	spiral organ of cochlea	MA:0001193	spiral organ
CL:0000626	olfactory granule cell	UBERON:0002264	olfactory bulb	MA:0000194	main olfactory bulb
CL:0000632	hepatic stellate cell	UBERON:0002107	liver	MA:0000358	liver
CL:0000637	chromophil cell of anterior pituitary gland	UBERON:0002196	adenohypophysis	MA:0000177	adenohypophysis
CL:0000638	acidophil cell of pars distalis of adenohypophysis	UBERON:0006964	pars distalis of adenohypophysis	MA:0000854	pars anterior
CL:0000682	M cell of gut	UBERON:0003929	gut epithelium	MA:0003201	gut epithelium
CL:0000684	littoral cell of liver	UBERON:0002107	liver	MA:0000358	liver
CL:0000706	choroid plexus epithelial cell	UBERON:0001886	choroid plexus	MA:0000823	choroid plexus
CL:0000712	stratum granulosum cell	UBERON:0001003	skin epidermis	MA:0000153	epidermis
CL:0000712	stratum granulosum cell	UBERON:0002069	stratum granulosum of epidermis	MA:0000805	epidermis stratum granulosum
CL:0000738	leukocyte	UBERON:0002405	immune system	MA:0002711	immune system
CL:0000742	periarticular chondrocyte	UBERON:0010996	articular cartilage of joint	MA:0000487	articular cartilage
CL:0000748	retinal bipolar neuron	UBERON:0000966	retina	MA:0000276	retina
CL:0000777	mesangial phagocyte	UBERON:0002320	glomerular mesangium	MA:0002606	glomerular mesangium
CL:0000793	CD4-positive, alpha-beta intraepithelial T cell	UBERON:0001277	intestinal epithelium	MA:0001536	intestine epithelium
CL:0000797	alpha-beta intraepithelial T cell	UBERON:0001277	intestinal epithelium	MA:0001536	intestine epithelium
CL:0000801	gamma-delta intraepithelial T cell	UBERON:0001277	intestinal epithelium	MA:0001536	intestine epithelium
CL:0000809	double-positive, alpha-beta thymocyte	UBERON:0002370	thymus	MA:0000142	thymus
CL:0000810	CD4-positive, alpha-beta thymocyte	UBERON:0002370	thymus	MA:0000142	thymus
CL:0000811	CD8-positive, alpha-beta thymocyte	UBERON:0002370	thymus	MA:0000142	thymus
CL:0000845	marginal zone B cell	UBERON:0001251	marginal zone of spleen	MA:0000755	spleen marginal zone
CL:0000864	tissue-resident macrophage	UBERON:0000479	tissue	MA:0003002	tissue
CL:0000865	gastrointestinal tract (lamina propria) macrophage	UBERON:0001238	lamina propria of small intestine	MA:0001554	small intestine lamina propria
CL:0000866	thymic macrophage	UBERON:0002370	thymus	MA:0000142	thymus
CL:0000868	lymph node macrophage	UBERON:0000029	lymph node	MA:0000139	lymph node
CL:0000869	tonsillar macrophage	UBERON:0002372	tonsil	MA:0000143	tonsil
CL:0000870	Peyer's patch macrophage	UBERON:0001211	Peyer's patch	MA:0000137	peyer's patch
CL:0000871	splenic macrophage	UBERON:0002106	spleen	MA:0000141	spleen
CL:0000872	splenic marginal zone macrophage	UBERON:0001251	marginal zone of spleen	MA:0000755	spleen marginal zone
CL:0000873	splenic metallophillic macrophage	UBERON:0001251	marginal zone of spleen	MA:0000755	spleen marginal zone
CL:0000874	splenic red pulp macrophage	UBERON:0001250	red pulp of spleen	MA:0000756	spleen red pulp
CL:0000876	splenic white pulp macrophage	UBERON:0001959	white pulp of spleen	MA:0000762	spleen white pulp
CL:0000877	splenic tingible body macrophage	UBERON:0001249	spleen lymphoid follicle	MA:0002672	spleen lymphoid follicle
CL:0000878	central nervous system macrophage	UBERON:0001017	central nervous system	MA:0000167	central nervous system
CL:0000879	meningeal macrophage	UBERON:0002360	meninx	MA:0001113	meninges
CL:0000881	perivascular macrophage	UBERON:0001981	blood vessel	MA:0000060	blood vessel
CL:0000882	thymic medullary macrophage	UBERON:0002124	medulla of thymus	MA:0000771	thymus medulla
CL:0000883	thymic cortical macrophage	UBERON:0002123	cortex of thymus	MA:0000767	thymus cortex
CL:0000884	mucosa-associated lymphoid tissue macrophage	UBERON:0001961	mucosa-associated lymphoid tissue	MA:0000140	mucosa associated lymphoid tissue
CL:0000885	gut-associated lymphoid tissue macrophage	UBERON:0001962	gut-associated lymphoid tissue	MA:0000136	gut associated lymphoid tissue
CL:0000886	nasal and broncial associated lymphoid tissue macrophage	UBERON:0001963	bronchial-associated lymphoid tissue	MA:0000135	bronchus associated lymphoid tissue
CL:0000888	lymph node tingible body macrophage	UBERON:0002006	cortex of lymph node	MA:0000740	lymph node cortex
CL:0000893	thymocyte	UBERON:0002370	thymus	MA:0000142	thymus
CL:0000894	DN1 thymic pro-T cell	UBERON:0002370	thymus	MA:0000142	thymus
CL:0000916	dendritic epidermal T cell	UBERON:0001003	skin epidermis	MA:0000153	epidermis
CL:0000941	thymic conventional dendritic cell	UBERON:0002370	thymus	MA:0000142	thymus
CL:0001006	dermal dendritic cell	UBERON:0002067	dermis	MA:0000152	dermis
CL:0001031	cerebellar granule cell	UBERON:0002037	cerebellum	MA:0000198	cerebellum
CL:0001032	cortical granule cell	UBERON:0000956	cerebral cortex	MA:0000185	cerebral cortex
CL:0001033	hippocampal granule cell	UBERON:0001954	Ammon's horn	MA:0000191	hippocampus
CL:0001035	bone cell	UBERON:0001474	bone element	MA:0001459	bone
CL:0001040	non-terminally differentiated osteoblast	UBERON:0002481	bone tissue	MA:0002780	bone tissue
CL:0002064	pancreatic acinar cell	UBERON:0001263	pancreatic acinus	MA:0002417	pancreatic acinus
CL:0002071	enterocyte of epithelium of large intestine	UBERON:0001278	epithelium of large intestine	MA:0001545	large intestine epithelium
CL:0002079	pancreatic ductal cell	UBERON:0001064	ventral pancreatic duct	MA:0000126	ventral pancreatic duct
CL:0002080	pancreatic centro-acinar cell	UBERON:0001263	pancreatic acinus	MA:0002417	pancreatic acinus
CL:0002082	type II cell of adrenal medulla	UBERON:0001236	adrenal medulla	MA:0000119	adrenal gland medulla
CL:0002083	type I cell of adrenal medulla	UBERON:0001236	adrenal medulla	MA:0000119	adrenal gland medulla
CL:0002092	bone marrow cell	UBERON:0002371	bone marrow	MA:0000134	bone marrow
CL:0002097	cortical cell of adrenal gland	UBERON:0001235	adrenal cortex	MA:0000118	adrenal gland cortex
CL:0002099	type I cell of adrenal cortex	UBERON:0002053	zona glomerulosa of adrenal gland	MA:0001891	adrenal gland zona glomerulosa
CL:0002126	CD25-positive, CD27-positive immature gamma-delta T cell	UBERON:0002370	thymus	MA:0000142	thymus
CL:0002132	stromal cell of ovary	UBERON:0000992	female gonad	MA:0000384	ovary
CL:0002135	nonkeratinized cell of epidermis	UBERON:0001003	skin epidermis	MA:0000153	epidermis
CL:0002138	endothelial cell of lymphatic vessel	UBERON:0001473	lymphatic vessel	MA:0000138	lymphatic vessel
CL:0002140	acinar cell of sebaceous gland	UBERON:0003487	skin sebaceous gland	MA:0000149	pilosebaceous gland
CL:0002144	capillary endothelial cell	UBERON:0001915	endothelium of capillary	MA:0000711	capillary endothelium
CL:0002148	dental pulp cell	UBERON:0001754	dental pulp	MA:0001599	dental pulp
CL:0002149	epithelial cell of uterus	UBERON:0000995	uterus	MA:0000389	uterus
CL:0002153	corneocyte	UBERON:0002027	stratum corneum of epidermis	MA:0000804	epidermis stratum corneum
CL:0002162	internal epithelial cell of tympanic membrane	UBERON:0002364	tympanic membrane	MA:0000257	tympanic membrane
CL:0002169	basal cell of olfactory epithelium	UBERON:0001997	olfactory epithelium	MA:0001325	nasal cavity olfactory epithelium
CL:0002170	keratinized cell of the oral mucosa	UBERON:0003729	mouth mucosa	MA:0002794	oral mucosa
CL:0002172	interdental cell of cochlea	UBERON:0002276	lamina of spiral limbus	MA:0001191	limbus lamina spiralis
CL:0002173	extraglomerular mesangial cell	UBERON:0002321	extraglomerular mesangium	MA:0002602	extraglomerular mesangium
CL:0002177	folliculostellate cell of pars distalis of adenohypophysis	UBERON:0006964	pars distalis of adenohypophysis	MA:0000854	pars anterior
CL:0002178	epithelial cell of stomach	UBERON:0000945	stomach	MA:0000353	stomach
CL:0002180	mucous cell of stomach	UBERON:0001199	mucosa of stomach	MA:0002683	stomach mucosa
CL:0002187	basal cell of epidermis	UBERON:0001003	skin epidermis	MA:0000153	epidermis
CL:0002188	glomerular endothelial cell	UBERON:0000074	renal glomerulus	MA:0001657	glomerulus
CL:0002195	hepatic stem cell	UBERON:0002107	liver	MA:0000358	liver
CL:0002200	oxyphil cell of thyroid	UBERON:0002046	thyroid gland	MA:0000129	thyroid gland
CL:0002203	Brush cell of epithelium proper of large intestine	UBERON:0000059	large intestine	MA:0000333	large intestine
CL:0002205	brush cell of lobular bronchiole	UBERON:0002051	epithelium of bronchiole	MA:0001772	bronchiole epithelium
CL:0002206	brush cell of terminal bronchiole	UBERON:0001958	epithelium of terminal bronchiole	MA:0001774	terminal bronchiole epithelium
CL:0002207	brush cell of trachea	UBERON:0001901	epithelium of trachea	MA:0001862	trachea epithelium
CL:0002208	brush cell of bronchus	UBERON:0002031	epithelium of bronchus	MA:0001839	bronchus epithelium
CL:0002222	vertebrate lens cell	UBERON:0000965	lens of camera-type eye	MA:0000275	lens
CL:0002224	lens epithelial cell	UBERON:0001803	epithelium of lens	MA:0001301	lens epithelium
CL:0002231	epithelial cell of prostate	UBERON:0002367	prostate gland	MA:0000404	prostate gland
CL:0002232	epithelial cell of prostatic duct	UBERON:0002485	prostate duct	MA:0002785	prostate duct
CL:0002236	basal epithelial cell of prostatic duct	UBERON:0002485	prostate duct	MA:0002785	prostate duct
CL:0002237	luminal epithelial cell of prostatic duct	UBERON:0002485	prostate duct	MA:0002785	prostate duct
CL:0002238	male gonocyte	UBERON:0000473	testis	MA:0000411	testis
CL:0002239	ooblast	UBERON:0000992	female gonad	MA:0000384	ovary
CL:0002240	marrow fibroblast	UBERON:0002371	bone marrow	MA:0000134	bone marrow
CL:0002241	pulmonary interstitial fibroblast	UBERON:0001004	respiratory system	MA:0000327	respiratory system
CL:0002243	smooth muscle cell of sphincter of pupil	UBERON:0001607	sphincter pupillae	MA:0001289	sphincter pupillae
CL:0002246	peripheral blood stem cell	UBERON:0000178	blood	MA:0000059	blood
CL:0002250	intestinal crypt stem cell	UBERON:0001983	crypt of Lieberkuhn	MA:0001535	crypt of lieberkuhn
CL:0002251	epithelial cell of alimentary canal	UBERON:0001555	digestive tract	MA:0000917	gut
CL:0002252	epithelial cell of esophagus	UBERON:0001043	esophagus	MA:0000352	esophagus
CL:0002253	epithelial cell of large intestine	UBERON:0000059	large intestine	MA:0000333	large intestine
CL:0002254	epithelial cell of small intestine	UBERON:0002108	small intestine	MA:0000337	small intestine
CL:0002255	stromal cell of endometrium	UBERON:0001295	endometrium	MA:0000390	endometrium
CL:0002257	epithelial cell of thyroid gland	UBERON:0002046	thyroid gland	MA:0000129	thyroid gland
CL:0002260	epithelial cell of parathyroid gland	UBERON:0001132	parathyroid gland	MA:0000128	parathyroid gland
CL:0002264	type A cell of stomach	UBERON:0000945	stomach	MA:0000353	stomach
CL:0002265	type D cell of colon	UBERON:0001155	colon	MA:0000335	colon
CL:0002266	type D cell of small intestine	UBERON:0002108	small intestine	MA:0000337	small intestine
CL:0002267	type D cell of stomach	UBERON:0000945	stomach	MA:0000353	stomach
CL:0002275	pancreatic PP cell	UBERON:0000006	islet of Langerhans	MA:0000127	pancreatic islet
CL:0002275	pancreatic PP cell	UBERON:0001264	pancreas	MA:0000120	pancreas
CL:0002293	epithelial cell of thymus	UBERON:0002370	thymus	MA:0000142	thymus
CL:0002304	non-pigmented ciliary epithelial cell	UBERON:0001778	ciliary epithelium	MA:0001238	ciliary epithelium
CL:0002305	epithelial cell of distal tubule	UBERON:0004135	distal tubule	MA:0002633	kidney distal tubule
CL:0002306	epithelial cell of proximal tubule	UBERON:0004134	proximal tubule	MA:0002611	kidney proximal tubule
CL:0002308	epithelial cell of skin gland	UBERON:0002419	skin gland	MA:0000146	skin gland
CL:0002315	supporting cell of cochlea	UBERON:0001844	cochlea	MA:0000240	cochlea
CL:0002316	supporting cell of vestibular epithelium	UBERON:0001862	vestibular labyrinth	MA:0000245	vestibular labyrinth
CL:0002319	neural cell	UBERON:0001016	nervous system	MA:0000016	nervous system
CL:0002320	connective tissue cell	UBERON:0002384	connective tissue	MA:0000011	connective tissue
CL:0002325	mammary alveolar cell	UBERON:0003214	mammary gland alveolus	MA:0002760	mammary gland alveolus
CL:0002327	mammary gland epithelial cell	UBERON:0001911	mammary gland	MA:0000145	mammary gland
CL:0002328	bronchial epithelial cell	UBERON:0002031	epithelium of bronchus	MA:0001839	bronchus epithelium
CL:0002328	bronchial epithelial cell	UBERON:0002185	bronchus	MA:0000436	bronchus
CL:0002332	ciliated cell of the bronchus	UBERON:0002185	bronchus	MA:0000436	bronchus
CL:0002339	prostate stem cell	UBERON:0002367	prostate gland	MA:0000404	prostate gland
CL:0002350	endocardial cell	UBERON:0002165	endocardium	MA:0000076	heart endocardium
CL:0002353	fetal liver hematopoietic progenitor cell	UBERON:0002107	liver	MA:0000358	liver
CL:0002359	placental hematopoietic stem cell	UBERON:0001987	placenta	MA:0000386	placenta
CL:0002363	keratocyte	UBERON:0001777	substantia propria of cornea	MA:0001245	corneal stroma
CL:0002364	cortical thymic epithelial cell	UBERON:0002123	cortex of thymus	MA:0000767	thymus cortex
CL:0002365	medullary thymic epithelial cell	UBERON:0002124	medulla of thymus	MA:0000771	thymus medulla
CL:0002366	myometrial cell	UBERON:0001296	myometrium	MA:0000391	myometrium
CL:0002367	trabecular meshwork cell	UBERON:0005969	reticulum trabeculare	MA:0003086	eye trabecular meshwork
CL:0002370	respiratory goblet cell	UBERON:0004802	respiratory tract epithelium	MA:0001480	respiratory tract epithelium
CL:0002402	Peyer's patch B cell	UBERON:0001211	Peyer's patch	MA:0000137	peyer's patch
CL:0002410	pancreatic stellate cell	UBERON:0001264	pancreas	MA:0000120	pancreas
CL:0002453	oligodendrocyte precursor cell	UBERON:0001017	central nervous system	MA:0000167	central nervous system
CL:0002457	epidermal Langerhans cell	UBERON:0001003	skin epidermis	MA:0000153	epidermis
CL:0002462	adipose dendritic cell	UBERON:0001013	adipose tissue	MA:0000009	adipose tissue
CL:0002476	bone marrow macrophage	UBERON:0002371	bone marrow	MA:0000134	bone marrow
CL:0002480	nasal mucosa goblet cell	UBERON:0005384	nasal cavity epithelium	MA:0001324	nasal cavity epithelium
CL:0002481	peritubular myoid cell	UBERON:0001343	seminiferous tubule of testis	MA:0000412	seminiferous tubule
CL:0002482	dermal melanocyte	UBERON:0002067	dermis	MA:0000152	dermis
CL:0002483	hair follicle melanocyte	UBERON:0002073	hair follicle	MA:0000154	hair follicle
CL:0002484	epithelial melanocyte	UBERON:0000483	epithelium	MA:0003060	epithelium
CL:0002485	retinal melanocyte	UBERON:0000966	retina	MA:0000276	retina
CL:0002486	strial intermediate cell	UBERON:0002282	stria vascularis of cochlear duct	MA:0001198	stria vascularis
CL:0002490	organ of Corti supporting cell	UBERON:0002227	spiral organ of cochlea	MA:0001193	spiral organ
CL:0002493	strial basal cell	UBERON:0002282	stria vascularis of cochlear duct	MA:0001198	stria vascularis
CL:0002496	intraepithelial lymphocyte	UBERON:0001277	intestinal epithelium	MA:0001536	intestine epithelium
CL:0002502	type M enteroendocrine cell	UBERON:0002108	small intestine	MA:0000337	small intestine
CL:0002504	enteric smooth muscle cell	UBERON:0000160	intestine	MA:0000328	intestine
CL:0002504	enteric smooth muscle cell	UBERON:0000160	intestine	MA:0001524	bowel
CL:0002505	liver CD103-negative dendritic cell	UBERON:0001281	hepatic sinusoid	MA:0000367	liver sinusoid
CL:0002506	liver CD103-positive dendritic cell	UBERON:0001281	hepatic sinusoid	MA:0000367	liver sinusoid
CL:0002518	kidney epithelial cell	UBERON:0002113	kidney	MA:0000368	kidney
CL:0002521	subcutaneous fat cell	UBERON:0002190	subcutaneous adipose tissue	MA:0000473	subcutaneous adipose tissue
CL:0002522	renal filtration cell	UBERON:0001008	renal system	MA:0000325	urinary system
CL:0002535	epithelial cell of cervix	UBERON:0000002	uterine cervix	MA:0000392	uterine cervix
CL:0002535	epithelial cell of cervix	UBERON:0004801	cervix epithelium	MA:0001724	cervix epithelium
CL:0002538	intrahepatic bile duct epithelial cell	UBERON:0004823	intrahepatic bile duct epithelium	MA:0002662	intrahepatic bile duct epithelium
CL:0002539	aortic smooth muscle cell	UBERON:0004178	aorta smooth muscle tissue	MA:0000702	aorta smooth muscle
CL:0002540	mesenchymal stem cell of the bone marrow	UBERON:0002371	bone marrow	MA:0000134	bone marrow
CL:0002543	vein endothelial cell	UBERON:0001638	vein	MA:0000067	vein
CL:0002545	thoracic aorta endothelial cell	UBERON:0001515	thoracic aorta	MA:0002569	thoracic aorta
CL:0002547	fibroblast of the aortic adventitia	UBERON:0004664	aorta tunica adventitia	MA:0002902	aorta tunica adventitia
CL:0002548	cardiac fibroblast	UBERON:0000948	heart	MA:0000072	heart
CL:0002549	fibroblast of choroid plexus	UBERON:0001886	choroid plexus	MA:0000823	choroid plexus
CL:0002550	fibroblast of the conjuctiva	UBERON:0001811	conjunctiva	MA:0000265	conjunctiva
CL:0002551	fibroblast of dermis	UBERON:0002067	dermis	MA:0000152	dermis
CL:0002552	fibroblast of gingiva	UBERON:0001828	gingiva	MA:0000342	gingiva
CL:0002553	fibroblast of lung	UBERON:0002048	lung	MA:0000415	lung
CL:0002554	fibroblast of lymphatic vessel	UBERON:0001473	lymphatic vessel	MA:0000138	lymphatic vessel
CL:0002555	fibroblast of mammary gland	UBERON:0001911	mammary gland	MA:0000145	mammary gland
CL:0002557	fibroblast of pulmonary artery	UBERON:0002012	pulmonary artery	MA:0002031	pulmonary artery
CL:0002558	fibroblast of villous mesenchyme	UBERON:0001987	placenta	MA:0000386	placenta
CL:0002559	hair follicle cell	UBERON:0002073	hair follicle	MA:0000154	hair follicle
CL:0002560	inner root sheath cell	UBERON:0005941	hair inner root sheath	MA:0000779	hair inner root sheath
CL:0002561	outer root sheath cell	UBERON:0005942	hair outer root sheath	MA:0000780	hair outer root sheath
CL:0002563	intestinal epithelial cell	UBERON:0000160	intestine	MA:0000328	intestine
CL:0002563	intestinal epithelial cell	UBERON:0000160	intestine	MA:0001524	bowel
CL:0002563	intestinal epithelial cell	UBERON:0001277	intestinal epithelium	MA:0001536	intestine epithelium
CL:0002564	nucleus pulposus cell of intervertebral disc	UBERON:0002242	nucleus pulposus	MA:0000112	nucleus pulposus
CL:0002565	iris pigment epithelial cell	UBERON:0002506	iris epithelium	MA:0002826	iris epithelium
CL:0002570	mesenchymal stem cell of adipose	UBERON:0001013	adipose tissue	MA:0000009	adipose tissue
CL:0002571	hepatic mesenchymal stem cell	UBERON:0002107	liver	MA:0000358	liver
CL:0002572	vertebral mesenchymal stem cell	UBERON:0002412	vertebra	MA:0000309	vertebra
CL:0002573	Schwann cell	UBERON:0000010	peripheral nervous system	MA:0000218	peripheral nervous system
CL:0002574	stromal cell of pancreas	UBERON:0001264	pancreas	MA:0000120	pancreas
CL:0002575	central nervous system pericyte	UBERON:0001017	central nervous system	MA:0000167	central nervous system
CL:0002577	placental epithelial cell	UBERON:0001987	placenta	MA:0000386	placenta
CL:0002581	perirenal preadipocyte	UBERON:0005406	perirenal fat	MA:0002975	perirenal fat
CL:0002584	renal cortical epithelial cell	UBERON:0001225	cortex of kidney	MA:0000372	kidney cortex
CL:0002585	retinal blood vessel endothelial cell	UBERON:0000966	retina	MA:0000276	retina
CL:0002586	retinal pigment epithelial cell	UBERON:0001782	pigmented layer of retina	MA:0000279	pigmented retinal epithelium
CL:0002588	smooth muscle cell of the umbilical vein	UBERON:0002066	umbilical vein	MA:0002249	umbilical vein
CL:0002589	smooth muscle cell of the brachiocephalic vasculature	UBERON:0001529	brachiocephalic artery	MA:0001922	brachiocephalic trunk
CL:0002591	smooth muscle cell of the pulmonary artery	UBERON:0002012	pulmonary artery	MA:0002031	pulmonary artery
CL:0002592	smooth muscle cell of the coronary artery	UBERON:0001621	coronary artery	MA:0002453	coronary artery
CL:0002593	smooth muscle cell of the internal thoracic artery	UBERON:0002456	internal thoracic artery	MA:0001982	internal mammary artery
CL:0002593	smooth muscle cell of the internal thoracic artery	UBERON:0002456	internal thoracic artery	MA:0001984	internal thoracic artery
CL:0002594	smooth muscle cell of the umbilical artery	UBERON:0001310	umbilical artery	MA:0002072	umbilical artery
CL:0002595	smooth muscle cell of the subclavian artery	UBERON:0001533	subclavian artery	MA:0002045	subclavian artery
CL:0002596	smooth muscle cell of the carotid artery	UBERON:0005396	carotid artery segment	MA:0001925	carotid artery
CL:0002597	smooth muscle cell of bladder	UBERON:0001255	urinary bladder	MA:0000380	urinary bladder
CL:0002598	bronchial smooth muscle cell	UBERON:0002185	bronchus	MA:0000436	bronchus
CL:0002599	smooth muscle cell of the esophagus	UBERON:0001043	esophagus	MA:0000352	esophagus
CL:0002600	smooth muscle cell of trachea	UBERON:0003126	trachea	MA:0000441	trachea
CL:0002601	uterine smooth muscle cell	UBERON:0000995	uterus	MA:0000389	uterus
CL:0002602	annulus pulposus cell	UBERON:0004715	annulus fibrosus disci intervertebralis	MA:0000111	annulus fibrosus
CL:0002603	astrocyte of the cerebellum	UBERON:0002037	cerebellum	MA:0000198	cerebellum
CL:0002604	astrocyte of the hippocampus	UBERON:0001954	Ammon's horn	MA:0000191	hippocampus
CL:0002605	astrocyte of the cerebral cortex	UBERON:0000956	cerebral cortex	MA:0000185	cerebral cortex
CL:0002606	astrocyte of the spinal cord	UBERON:0002240	spinal cord	MA:0000216	spinal cord
CL:0002608	hippocampal neuron	UBERON:0001954	Ammon's horn	MA:0000191	hippocampus
CL:0002609	neuron of cerebral cortex	UBERON:0000956	cerebral cortex	MA:0000185	cerebral cortex
CL:0002610	raphe nuclei neuron	UBERON:0004684	raphe nuclei	MA:0003147	raphe nucleus
CL:0002611	neuron of the dorsal spinal cord	UBERON:0002256	dorsal horn of spinal cord	MA:0001119	spinal cord dorsal horn
CL:0002612	neuron of the ventral spinal cord	UBERON:0002257	ventral horn of spinal cord	MA:0001134	spinal cord ventral horn
CL:0002613	striatum neuron	UBERON:0002435	striatum	MA:0000891	striatum
CL:0002614	neuron of the substantia nigra	UBERON:0002038	substantia nigra	MA:0000210	substantia nigra
CL:0002616	perirenal adipocyte cell	UBERON:0005406	perirenal fat	MA:0002975	perirenal fat
CL:0002618	endothelial cell of umbilical vein	UBERON:0002066	umbilical vein	MA:0002249	umbilical vein
CL:0002621	gingival epithelial cell	UBERON:0001949	gingival epithelium	MA:0001576	gingival epithelium
CL:0002622	prostate stromal cell	UBERON:0002367	prostate gland	MA:0000404	prostate gland
CL:0002623	acinar cell of salivary gland	UBERON:0001044	saliva-secreting gland	MA:0000346	salivary gland
CL:0002624	paneth cell of the appendix	UBERON:0001154	vermiform appendix	MA:0001540	appendix
CL:0002625	seminiferous tubule epithelial cell	UBERON:0001343	seminiferous tubule of testis	MA:0000412	seminiferous tubule
CL:0002625	seminiferous tubule epithelial cell	UBERON:0004813	seminiferous tubule epithelium	MA:0001748	seminiferous tubule epithelium
CL:0002631	epithelial cell of upper respiratory tract	UBERON:0001557	upper respiratory tract	MA:0000442	upper respiratory tract
CL:0002632	epithelial cell of lower respiratory tract	UBERON:0001558	lower respiratory tract	MA:0000435	lower respiratory tract
CL:0002637	keratinized epithelial cell of the anal canal	UBERON:0000159	anal canal	MA:0000330	anal canal
CL:0002638	bronchioalveolar stem cell	UBERON:0001955	epithelium of respiratory bronchiole	MA:0001773	respiratory bronchiole epithelium
CL:0002638	bronchioalveolar stem cell	UBERON:0001958	epithelium of terminal bronchiole	MA:0001774	terminal bronchiole epithelium
CL:0002656	glandular cell of endometrium	UBERON:0001295	endometrium	MA:0000390	endometrium
CL:0002657	glandular cell of esophagus	UBERON:0001043	esophagus	MA:0000352	esophagus
CL:0002658	glandular cell of the large intestine	UBERON:0000059	large intestine	MA:0000333	large intestine
CL:0002659	glandular cell of stomach	UBERON:0000945	stomach	MA:0000353	stomach
CL:0002663	myocardial endocrine cell of atrium	UBERON:0002081	cardiac atrium	MA:0000073	heart atrium
CL:0002665	otic fibrocyte	UBERON:0006725	spiral ligament	MA:0001192	spiral ligament
CL:0002673	tongue muscle cell	UBERON:0003273	skeletal muscle tissue of tongue	MA:0001596	tongue skeletal muscle
CL:0002680	PP cell of intestine	UBERON:0000160	intestine	MA:0000328	intestine
CL:0002680	PP cell of intestine	UBERON:0000160	intestine	MA:0001524	bowel
CL:0002681	kidney cortical cell	UBERON:0001225	cortex of kidney	MA:0000372	kidney cortex
CL:0005000	spinal cord interneuron	UBERON:0002240	spinal cord	MA:0000216	spinal cord
CL:0007000	preameloblast	UBERON:0005176	tooth enamel organ	MA:0001604	tooth enamel organ
CL:0007002	precementoblast	UBERON:0005176	tooth enamel organ	MA:0001604	tooth enamel organ
CL:0007003	preodontoblast	UBERON:0005176	tooth enamel organ	MA:0001604	tooth enamel organ
CL:0007011	enteric neuron	UBERON:0002005	enteric nervous system	MA:0000222	enteric nervous system
CL:0007017	Stiftchenzellen	UBERON:0001003	skin epidermis	MA:0000153	epidermis
CL:0007018	epidermal ciliary cell	UBERON:0001003	skin epidermis	MA:0000153	epidermis
CL:0007021	alarm substance cell	UBERON:0001003	skin epidermis	MA:0000153	epidermis
CL:0007022	micropylar cell	UBERON:0001305	ovarian follicle	MA:0001707	ovary follicle
CL:0007023	flask cell	UBERON:0001003	skin epidermis	MA:0000153	epidermis
CL:0008002	skeletal muscle fiber	UBERON:0001134	skeletal muscle tissue	MA:0002439	skeletal muscle tissue
CL:0008017	adult skeletal muscle myoblast	UBERON:0001134	skeletal muscle tissue	MA:0002439	skeletal muscle tissue
CL:0008022	endocardial cushion cell	UBERON:0002062	endocardial cushion	MA:0000078	endocardial cushion
CL:0009000	sensory neuron of spinal nerve	UBERON:0001780	spinal nerve	MA:0000233	spinal nerve
CL:0010001	stromal cell of bone marrow	UBERON:0002371	bone marrow	MA:0000134	bone marrow
CL:0010002	epithelial cell of umbilical artery	UBERON:0001310	umbilical artery	MA:0002072	umbilical artery
CL:0010003	epithelial cell of alveolus of lung	UBERON:0002299	alveolus of lung	MA:0000420	lung alveolus
CL:0010004	mononuclear cell of bone marrow	UBERON:0002371	bone marrow	MA:0000134	bone marrow
CL:0010005	atrioventricular bundle cell	UBERON:0002353	atrioventricular bundle	MA:0002576	atrioventricular bundle
CL:0010006	cardiac blood vessel endothelial cell	UBERON:0000948	heart	MA:0000072	heart
CL:0010008	cardiac endothelial cell	UBERON:0000948	heart	MA:0000072	heart
CL:0010009	camera-type eye photoreceptor cell	UBERON:0000019	camera-type eye	MA:0000261	eye
CL:0010009	camera-type eye photoreceptor cell	UBERON:0000966	retina	MA:0000276	retina
CL:0010010	cerebellar stellate cell	UBERON:0002037	cerebellum	MA:0000198	cerebellum
CL:0010011	cerebral cortex GABAergic interneuron	UBERON:0000956	cerebral cortex	MA:0000185	cerebral cortex
CL:0010012	cerebral cortex neuron	UBERON:0000956	cerebral cortex	MA:0000185	cerebral cortex
CL:0010020	cardiac glial cell	UBERON:0000948	heart	MA:0000072	heart
CL:0010022	cardiac neuron	UBERON:0000948	heart	MA:0000072	heart
CL:0011000	dorsal horn interneuron	UBERON:0002256	dorsal horn of spinal cord	MA:0001119	spinal cord dorsal horn
CL:0011001	spinal cord motor neuron	UBERON:0002240	spinal cord	MA:0000216	spinal cord
CL:0011003	magnocellular neurosecretory cell (duplicate class)	UBERON:0001930	paraventricular nucleus of hypothalamus	MA:0000848	paraventricular hypothalamic nucleus
CL:0011003	magnocellular neurosecretory cell (duplicate class)	UBERON:0006568	hypothalamic nucleus	MA:0002426	hypothalamic nucleus
CL:0011006	lugaro cell	UBERON:0002129	cerebellar cortex	MA:0000199	cerebellar cortex
CL:0011104	interplexiform cell	UBERON:0001791	inner nuclear layer of retina	MA:0001311	retina inner nuclear layer
CL:0011107	Muller cell	UBERON:0000966	retina	MA:0000276	retina
CL:0011108	colon epithelial cell	UBERON:0000397	colonic epithelium	MA:0003195	colon epithelium
CL:0011108	colon epithelial cell	UBERON:0001155	colon	MA:0000335	colon
CL:0011113	spiral ganglion neuron	UBERON:0000395	cochlear ganglion	MA:0001085	vestibulocochlear VIII ganglion cochlear component
CL:0012000	astrocyte of the forebrain	UBERON:0001890	forebrain	MA:0000170	forebrain
CL:0012001	neuron of the forebrain	UBERON:0001890	forebrain	MA:0000170	forebrain
CL:0013000	forebrain radial glial cell	UBERON:0001890	forebrain	MA:0000170	forebrain
CL:1000001	retrotrapezoid nucleus neuron	UBERON:0009918	retrotrapezoid nucleus	MA:0003022	retrotrapezoid nucleus
CL:1000042	forebrain neuroblast	UBERON:0001890	forebrain	MA:0000170	forebrain
CL:1000073	spinal cord radial glial cell	UBERON:0002240	spinal cord	MA:0000216	spinal cord
CL:1000143	lung goblet cell	UBERON:0002048	lung	MA:0000415	lung
CL:1000147	heart valve cell	UBERON:0000948	heart	MA:0000072	heart
CL:1000222	stomach neuroendocrine cell	UBERON:0000945	stomach	MA:0000353	stomach
CL:1000223	lung neuroendocrine cell	UBERON:0002048	lung	MA:0000415	lung
CL:1000271	lung ciliated cell	UBERON:0002048	lung	MA:0000415	lung
CL:1000272	lung secretory cell	UBERON:0002048	lung	MA:0000415	lung
CL:1000275	smooth muscle cell of small intestine	UBERON:0002108	small intestine	MA:0000337	small intestine
CL:1000276	smooth muscle fiber of duodenum	UBERON:0002114	duodenum	MA:0000338	duodenum
CL:1000277	smooth muscle fiber of jejunum	UBERON:0002115	jejunum	MA:0000340	jejunum
CL:1000278	smooth muscle fiber of ileum	UBERON:0002116	ileum	MA:0000339	ileum
CL:1000279	smooth muscle cell of large intestine	UBERON:0000059	large intestine	MA:0000333	large intestine
CL:1000280	smooth muscle cell of colon	UBERON:0001155	colon	MA:0000335	colon
CL:1000281	smooth muscle cell of cecum	UBERON:0001153	caecum	MA:0000334	cecum
CL:1000282	smooth muscle fiber of ascending colon	UBERON:0001156	ascending colon	MA:0001541	ascending colon
CL:1000283	smooth muscle fiber of transverse colon	UBERON:0001157	transverse colon	MA:0001543	transverse colon
CL:1000284	smooth muscle fiber of descending colon	UBERON:0001158	descending colon	MA:0001542	descending colon
CL:1000286	smooth muscle cell of rectum	UBERON:0001052	rectum	MA:0000336	rectum
CL:1000296	epithelial cell of urethra	UBERON:0000057	urethra	MA:0000379	urethra
CL:1000298	mesothelial cell of dura mater	UBERON:0002363	dura mater	MA:0001115	dura mater
CL:1000299	fibroblast of connective tissue of prostate	UBERON:0002367	prostate gland	MA:0000404	prostate gland
CL:1000300	fibroblast of outer membrane of prostatic capsule	UBERON:0002367	prostate gland	MA:0000404	prostate gland
CL:1000301	fibroblast of subepithelial connective tissue of prostatic gland	UBERON:0002367	prostate gland	MA:0000404	prostate gland
CL:1000302	fibroblast of papillary layer of dermis	UBERON:0001992	papillary layer of dermis	MA:0000800	dermis papillary layer
CL:1000302	fibroblast of papillary layer of dermis	UBERON:0001992	papillary layer of dermis	MA:0000802	superficial dermis
CL:1000304	fibroblast of connective tissue of nonglandular part of prostate	UBERON:0002367	prostate gland	MA:0000404	prostate gland
CL:1000305	fibroblast of connective tissue of glandular part of prostate	UBERON:0002367	prostate gland	MA:0000404	prostate gland
CL:1000307	fibroblast of dense regular elastic tissue	UBERON:0002521	elastic tissue	MA:0002853	elastic tissue
CL:1000308	fibrocyte of adventitia of ureter	UBERON:0001252	adventitia of ureter	MA:0002652	ureter adventitia
CL:1000310	adipocyte of epicardial fat of right ventricle	UBERON:0002080	heart right ventricle	MA:0000093	heart right ventricle
CL:1000311	adipocyte of epicardial fat of left ventricle	UBERON:0002084	heart left ventricle	MA:0000092	heart left ventricle
CL:1000312	bronchial goblet cell	UBERON:0002031	epithelium of bronchus	MA:0001839	bronchus epithelium
CL:1000312	bronchial goblet cell	UBERON:0002185	bronchus	MA:0000436	bronchus
CL:1000313	gastric goblet cell	UBERON:0000945	stomach	MA:0000353	stomach
CL:1000313	gastric goblet cell	UBERON:0001276	epithelium of stomach	MA:0001610	stomach epithelium
CL:1000317	intestinal villus goblet cell	UBERON:0001213	intestinal villus	MA:0001563	small intestine villus
CL:1000320	large intestine goblet cell	UBERON:0000059	large intestine	MA:0000333	large intestine
CL:1000320	large intestine goblet cell	UBERON:0001278	epithelium of large intestine	MA:0001545	large intestine epithelium
CL:1000322	pancreatic goblet cell	UBERON:0001264	pancreas	MA:0000120	pancreas
CL:1000324	duodenal goblet cell	UBERON:0002114	duodenum	MA:0000338	duodenum
CL:1000324	duodenal goblet cell	UBERON:0008346	duodenal epithelium	MA:0003208	duodenum epithelium
CL:1000325	jejunal goblet cell	UBERON:0002115	jejunum	MA:0000340	jejunum
CL:1000326	ileal goblet cell	UBERON:0002116	ileum	MA:0000339	ileum
CL:1000327	appendix goblet cell	UBERON:0001154	vermiform appendix	MA:0001540	appendix
CL:1000329	tracheal goblet cell	UBERON:0001901	epithelium of trachea	MA:0001862	trachea epithelium
CL:1000329	tracheal goblet cell	UBERON:0003126	trachea	MA:0000441	trachea
CL:1000330	serous cell of epithelium of trachea	UBERON:0001901	epithelium of trachea	MA:0001862	trachea epithelium
CL:1000331	serous cell of epithelium of bronchus	UBERON:0002031	epithelium of bronchus	MA:0001839	bronchus epithelium
CL:1000332	serous cell of epithelium of terminal bronchiole	UBERON:0001958	epithelium of terminal bronchiole	MA:0001774	terminal bronchiole epithelium
CL:1000333	serous cell of epithelium of lobular bronchiole	UBERON:0002051	epithelium of bronchiole	MA:0001772	bronchiole epithelium
CL:1000334	enterocyte of epithelium of small intestine	UBERON:0001902	epithelium of small intestine	MA:0001553	small intestine epithelium
CL:1000335	enterocyte of epithelium of intestinal villus	UBERON:0001213	intestinal villus	MA:0001563	small intestine villus
CL:1000337	enterocyte of epithelium of duodenal gland	UBERON:0001212	duodenal gland	MA:0001551	brunner's gland
CL:1000338	enterocyte of epithelium of crypt of lieberkuhn of small intestine	UBERON:0001983	crypt of Lieberkuhn	MA:0001535	crypt of lieberkuhn
CL:1000340	enterocyte of epithelium proper of duodenum	UBERON:0002114	duodenum	MA:0000338	duodenum
CL:1000343	paneth cell of epithelium of small intestine	UBERON:0001902	epithelium of small intestine	MA:0001553	small intestine epithelium
CL:1000345	paneth cell of epithelium of crypt of lieberkuhn of small intestine	UBERON:0001983	crypt of Lieberkuhn	MA:0001535	crypt of lieberkuhn
CL:1000347	vacuolar absorptive cell of epithelium of colon	UBERON:0000397	colonic epithelium	MA:0003195	colon epithelium
CL:1000348	basal cell of epithelium of trachea	UBERON:0001901	epithelium of trachea	MA:0001862	trachea epithelium
CL:1000349	basal cell of epithelium of bronchus	UBERON:0002031	epithelium of bronchus	MA:0001839	bronchus epithelium
CL:1000350	basal cell of epithelium of terminal bronchiole	UBERON:0001958	epithelium of terminal bronchiole	MA:0001774	terminal bronchiole epithelium
CL:1000351	basal cell of epithelium of respiratory bronchiole	UBERON:0001955	epithelium of respiratory bronchiole	MA:0001773	respiratory bronchiole epithelium
CL:1000352	basal cell of epithelium of lobular bronchiole	UBERON:0002051	epithelium of bronchiole	MA:0001772	bronchiole epithelium
CL:1000353	microfold cell of epithelium of small intestine	UBERON:0001902	epithelium of small intestine	MA:0001553	small intestine epithelium
CL:1000353	microfold cell of epithelium of small intestine	UBERON:0002108	small intestine	MA:0000337	small intestine
CL:1000354	microfold cell of epithelium of intestinal villus	UBERON:0001213	intestinal villus	MA:0001563	small intestine villus
CL:1000356	microfold cell of epithelium proper of duodenum	UBERON:0002114	duodenum	MA:0000338	duodenum
CL:1000356	microfold cell of epithelium proper of duodenum	UBERON:0008346	duodenal epithelium	MA:0003208	duodenum epithelium
CL:1000357	microfold cell of epithelium proper of jejunum	UBERON:0002115	jejunum	MA:0000340	jejunum
CL:1000358	microfold cell of epithelium proper of ileum	UBERON:0002116	ileum	MA:0000339	ileum
CL:1000359	microfold cell of epithelium proper of appendix	UBERON:0001154	vermiform appendix	MA:0001540	appendix
CL:1000360	microfold cell of epithelium proper of large intestine	UBERON:0000059	large intestine	MA:0000333	large intestine
CL:1000361	transitional myocyte of interatrial septum	UBERON:0002085	interatrial septum	MA:0000084	interatrial septum
CL:1000362	transitional myocyte of interventricular septum	UBERON:0002094	interventricular septum	MA:0000085	heart interventricular septum
CL:1000376	purkinje myocyte of interventricular septum	UBERON:0002094	interventricular septum	MA:0000085	heart interventricular septum
CL:1000377	dense-core granulated cell of epithelium of trachea	UBERON:0001901	epithelium of trachea	MA:0001862	trachea epithelium
CL:1000379	type 1 vestibular sensory cell of epithelium of macula of utricle of membranous labyrinth	UBERON:0002214	macula of utricle of membranous labyrinth	MA:0001203	macula of utricle
CL:1000379	type 1 vestibular sensory cell of epithelium of macula of utricle of membranous labyrinth	UBERON:0003241	epithelium of utricle	MA:0001204	utricle epithelium
CL:1000380	type 1 vestibular sensory cell of epithelium of macula of saccule of membranous labyrinth	UBERON:0002212	macula of saccule of membranous labyrinth	MA:0001201	macula of saccule
CL:1000380	type 1 vestibular sensory cell of epithelium of macula of saccule of membranous labyrinth	UBERON:0003242	epithelium of saccule	MA:0001202	saccule epithelium
CL:1000381	type 1 vestibular sensory cell of epithelium of crista of ampulla of semicircular duct of membranous labyrinth	UBERON:0006935	crista ampullaris neuroepithelium	MA:0002870	crista ampullaris neuroepithelium
CL:1000383	type 2 vestibular sensory cell of epithelium of macula of utricle of membranous labyrinth	UBERON:0002214	macula of utricle of membranous labyrinth	MA:0001203	macula of utricle
CL:1000383	type 2 vestibular sensory cell of epithelium of macula of utricle of membranous labyrinth	UBERON:0003241	epithelium of utricle	MA:0001204	utricle epithelium
CL:1000384	type 2 vestibular sensory cell of epithelium of macula of saccule of membranous labyrinth	UBERON:0002212	macula of saccule of membranous labyrinth	MA:0001201	macula of saccule
CL:1000384	type 2 vestibular sensory cell of epithelium of macula of saccule of membranous labyrinth	UBERON:0003242	epithelium of saccule	MA:0001202	saccule epithelium
CL:1000385	type 2 vestibular sensory cell of epithelium of crista of ampulla of semicircular duct of membranous labyrinth	UBERON:0006935	crista ampullaris neuroepithelium	MA:0002870	crista ampullaris neuroepithelium
CL:1000391	melanocyte of eyelid	UBERON:0001711	eyelid	MA:0000268	eyelid
CL:1000397	endothelial cell of venous sinus of red pulp of spleen	UBERON:0009967	spleen venous sinus	MA:0000761	spleen venous sinus
CL:1000398	endothelial cell of hepatic sinusoid	UBERON:0001281	hepatic sinusoid	MA:0000367	liver sinusoid
CL:1000405	epithelial cell of appendix	UBERON:0001154	vermiform appendix	MA:0001540	appendix
CL:1000409	myocyte of sinoatrial node	UBERON:0002351	sinoatrial node	MA:0000097	sinoatrial node
CL:1000410	myocyte of atrioventricular node	UBERON:0002352	atrioventricular node	MA:0000095	atrioventricular node
CL:1000411	endothelial cell of peyer's patch	UBERON:0003454	small intestine Peyer's patch	MA:0001557	small intestine peyer's patch
CL:1000412	endothelial cell of arteriole	UBERON:0001980	arteriole	MA:0000063	arteriole
CL:1000413	endothelial cell of artery	UBERON:0001637	artery	MA:0000064	artery
CL:1000413	endothelial cell of artery	UBERON:0001917	endothelium of artery	MA:0000707	artery endothelium
CL:1000414	endothelial cell of venule	UBERON:0001979	venule	MA:0000071	venule
CL:1000415	epithelial cell of gall bladder	UBERON:0002110	gall bladder	MA:0000356	gall bladder
CL:1000416	myoepithelial cell of lactiferous gland	UBERON:0001911	mammary gland	MA:0000145	mammary gland
CL:1000417	myoepithelial cell of sweat gland	UBERON:0001820	sweat gland	MA:0000150	sweat gland
CL:1000418	myoepithelial cell of lactiferous alveolus	UBERON:0003214	mammary gland alveolus	MA:0002760	mammary gland alveolus
CL:1000419	myoepithelial cell of lactiferous duct	UBERON:0001765	mammary duct	MA:0000791	mammary gland duct
CL:1000424	chromaffin cell of paraaortic body	UBERON:0001237	paraaortic body	MA:0001137	organ of Zuckerkandl
CL:1000426	chromaffin cell of adrenal gland	UBERON:0002369	adrenal gland	MA:0000116	adrenal gland
CL:1000427	adrenal cortex chromaffin cell	UBERON:0001235	adrenal cortex	MA:0000118	adrenal gland cortex
CL:1000428	stem cell of epidermis	UBERON:0001003	skin epidermis	MA:0000153	epidermis
CL:1000432	conjunctival epithelial cell	UBERON:0001811	conjunctiva	MA:0000265	conjunctiva
CL:1000433	epithelial cell of lacrimal canaliculus	UBERON:0001770	lacrimal canaliculus	MA:0001294	lacrimal canaliculus
CL:1000434	epithelial cell of external acoustic meatus	UBERON:0001352	external acoustic meatus	MA:0000260	external acoustic meatus
CL:1000435	epithelial cell of lacrimal duct	UBERON:0001850	lacrimal duct	MA:0001295	lacrimal duct
CL:1000436	epithelial cell of lacrimal sac	UBERON:0001351	lacrimal sac	MA:0001298	lacrimal sac
CL:1000437	epithelial cell of nasolacrimal duct	UBERON:0002392	nasolacrimal duct	MA:0001299	nasolacrimal duct
CL:1000442	urothelial cell of trigone of urinary bladder	UBERON:0001257	trigone of urinary bladder	MA:0002492	urinary bladder trigone
CL:1000443	ciliary muscle cell	UBERON:0001775	ciliary body	MA:0000264	ciliary body
CL:1000444	mesothelial cell of anterior chamber of eye	UBERON:0001766	anterior chamber of eyeball	MA:0000262	eye anterior chamber
CL:1000445	myoepithelial cell of dilator pupillae	UBERON:0001608	dilatator pupillae	MA:0001288	dilatator pupillae
CL:1000447	epithelial cell of stratum germinativum of esophagus	UBERON:0001976	epithelium of esophagus	MA:0001565	esophagus epithelium
CL:1000448	epithelial cell of sweat gland	UBERON:0001820	sweat gland	MA:0000150	sweat gland
CL:1000449	epithelial cell of nephron	UBERON:0001285	nephron	MA:0000375	nephron
CL:1000450	epithelial cell of glomerular capsule	UBERON:0001230	glomerular capsule	MA:0001660	glomerular capsule
CL:1000452	parietal epithelial cell	UBERON:0005750	glomerular parietal epithelium	MA:0002605	glomerular parietal epithelium
CL:1000454	kidney collecting duct epithelial cell	UBERON:0001232	collecting duct of renal tubule	MA:0000371	kidney collecting duct
CL:1000456	mesothelial cell of parietal peritoneum	UBERON:0001366	parietal peritoneum	MA:0000449	peritoneum
CL:1000465	chromaffin cell of ovary	UBERON:0000992	female gonad	MA:0000384	ovary
CL:1000466	chromaffin cell of right ovary	UBERON:0002118	right ovary	MA:0001705	right ovary
CL:1000467	chromaffin cell of left ovary	UBERON:0002119	left ovary	MA:0001704	left ovary
CL:1000468	myoepithelial cell of acinus of lactiferous gland	UBERON:0001912	lobule of mammary gland	MA:0000793	mammary gland lobule
CL:1000477	cardiac pacemaker cell of sinoatrial node	UBERON:0002351	sinoatrial node	MA:0000097	sinoatrial node
CL:1000478	transitional myocyte of sinoatrial node	UBERON:0002351	sinoatrial node	MA:0000097	sinoatrial node
CL:1000479	purkinje myocyte of atrioventricular node	UBERON:0002352	atrioventricular node	MA:0000095	atrioventricular node
CL:1000481	transitional myocyte of atrioventricular bundle	UBERON:0002353	atrioventricular bundle	MA:0002576	atrioventricular bundle
CL:1000482	myocardial endocrine cell of interventricular septum	UBERON:0002094	interventricular septum	MA:0000085	heart interventricular septum
CL:1000484	purkinje myocyte of atrioventricular bundle	UBERON:0002353	atrioventricular bundle	MA:0002576	atrioventricular bundle
CL:1000487	smooth muscle cell of prostate	UBERON:0002367	prostate gland	MA:0000404	prostate gland
CL:1000488	cholangiocyte	UBERON:0002394	bile duct	MA:0000354	bile duct
CL:1000489	reticular cell of splenic cord	UBERON:0001266	splenic cord	MA:0002671	splenic cord
CL:1000491	mesothelial cell of pleura	UBERON:0000977	pleura	MA:0000433	pleura
CL:1000492	mesothelial cell of parietal pleura	UBERON:0002400	parietal pleura	MA:0002488	parietal pleura
CL:1000493	mesothelial cell of visceral pleura	UBERON:0002401	visceral pleura	MA:0002489	visceral pleura
CL:1000494	nephron tubule epithelial cell	UBERON:0001231	nephron tubule	MA:0000377	kidney tubule
CL:1000494	nephron tubule epithelial cell	UBERON:0004810	nephron tubule epithelium	MA:0001681	kidney tubule epithelium
CL:1000495	small intestine goblet cell	UBERON:0001902	epithelium of small intestine	MA:0001553	small intestine epithelium
CL:1000495	small intestine goblet cell	UBERON:0002108	small intestine	MA:0000337	small intestine
CL:1000497	kidney cell	UBERON:0002113	kidney	MA:0000368	kidney
CL:1000500	kidney interstitial cell	UBERON:0005215	kidney interstitium	MA:0002616	kidney interstitium
CL:1000504	kidney medulla cell	UBERON:0000362	renal medulla	MA:0000373	kidney medulla
CL:1000505	kidney pelvis cell	UBERON:0001224	renal pelvis	MA:0000374	kidney pelvis
CL:1000507	kidney tubule cell	UBERON:0001231	nephron tubule	MA:0000377	kidney tubule
CL:1000510	kidney glomerular epithelial cell	UBERON:0004188	glomerular epithelium	MA:0002847	kidney glomerular epithelium
CL:1000546	kidney medulla collecting duct epithelial cell	UBERON:0005185	renal medulla collecting duct	MA:0002935	kidney medulla collecting duct
CL:1000547	kidney inner medulla collecting duct epithelial cell	UBERON:0005187	inner renal medulla collecting duct	MA:0002598	kidney inner medulla collecting duct
CL:1000548	kidney outer medulla collecting duct epithelial cell	UBERON:0005186	outer renal medulla collecting duct	MA:0002599	kidney outer medulla collecting duct
CL:1000549	kidney cortex collecting duct epithelial cell	UBERON:0005267	renal cortex collecting duct	MA:0002600	kidney cortex collecting duct
CL:1000550	kidney papillary duct principal epithelial cell	UBERON:0005167	papillary duct	MA:0001646	papillary duct
CL:1000596	inner renal cortex cell	UBERON:0005271	juxtamedullary cortex	MA:0001648	juxtamedullary cortex
CL:1000600	lower urinary tract cell	UBERON:0001556	lower urinary tract	MA:0002636	lower urinary tract
CL:1000601	ureteral cell	UBERON:0000056	ureter	MA:0000378	ureter
CL:1000606	kidney nerve cell	UBERON:0002113	kidney	MA:0000368	kidney
CL:1000612	kidney corpuscule cell	UBERON:0001229	renal corpuscle	MA:0000376	renal corpuscle
CL:1000615	kidney cortex tubule cell	UBERON:0006853	renal cortex tubule	MA:0002609	kidney cortex tubule
CL:1000616	kidney outer medulla cell	UBERON:0001293	outer medulla of kidney	MA:0001653	kidney outer medulla
CL:1000617	kidney inner medulla cell	UBERON:0001294	inner medulla of kidney	MA:0001652	kidney inner medulla
CL:1000618	juxtaglomerular complex cell	UBERON:0002303	juxtaglomerular apparatus	MA:0002546	juxtaglomerular complex
CL:1000681	kidney cortex interstitial cell	UBERON:0005270	renal cortex interstitium	MA:0002608	kidney cortex interstitium
CL:1000682	kidney medulla interstitial cell	UBERON:0005211	renal medulla interstitium	MA:0002619	kidney medulla interstitium
CL:1000702	kidney pelvis smooth muscle cell	UBERON:0004227	kidney pelvis smooth muscle	MA:0002631	kidney pelvis smooth muscle
CL:1000703	kidney pelvis urothelial cell	UBERON:0004788	kidney pelvis urothelium	MA:0002632	kidney pelvis urothelium
CL:1000706	ureter urothelial cell	UBERON:0001254	urothelium of ureter	MA:0002655	ureter urothelium
CL:1000708	ureter adventitial cell	UBERON:0001252	adventitia of ureter	MA:0002652	ureter adventitia
CL:1000714	kidney cortex collecting duct principal cell	UBERON:0005267	renal cortex collecting duct	MA:0002600	kidney cortex collecting duct
CL:1000715	kidney cortex collecting duct intercalated cell	UBERON:0005267	renal cortex collecting duct	MA:0002600	kidney cortex collecting duct
CL:1000716	kidney outer medulla collecting duct principal cell	UBERON:0005186	outer renal medulla collecting duct	MA:0002599	kidney outer medulla collecting duct
CL:1000717	kidney outer medulla collecting duct intercalated cell	UBERON:0005186	outer renal medulla collecting duct	MA:0002599	kidney outer medulla collecting duct
CL:1000718	kidney inner medulla collecting duct principal cell	UBERON:0005187	inner renal medulla collecting duct	MA:0002598	kidney inner medulla collecting duct
CL:1000719	kidney inner medulla collecting duct intercalated cell	UBERON:0005187	inner renal medulla collecting duct	MA:0002598	kidney inner medulla collecting duct
CL:1000720	kidney papillary duct intercalated cell	UBERON:0005167	papillary duct	MA:0001646	papillary duct
CL:1000721	kidney papillary duct principal cell	UBERON:0005167	papillary duct	MA:0001646	papillary duct
CL:1000742	glomerular mesangial cell	UBERON:0002320	glomerular mesangium	MA:0002606	glomerular mesangium
CL:1000746	glomerular cell	UBERON:0000074	renal glomerulus	MA:0001657	glomerulus
CL:1000768	kidney connecting tubule epithelial cell	UBERON:0005097	renal connecting tubule	MA:0002610	kidney connecting tubule
CL:1000803	kidney inner medulla interstitial cell	UBERON:0005214	inner renal medulla interstitium	MA:0002620	kidney inner medulla interstitium
CL:1000804	kidney outer medulla interstitial cell	UBERON:0005213	outer renal medulla interstitium	MA:0002621	kidney outer medulla interstitium
CL:1000838	kidney proximal convoluted tubule epithelial cell	UBERON:0001287	proximal convoluted tubule	MA:0001669	proximal convoluted tubule
CL:1000839	kidney proximal straight tubule epithelial cell	UBERON:0001290	proximal straight tubule	MA:0002614	proximal straight tubule
CL:1000849	kidney distal convoluted tubule epithelial cell	UBERON:0001292	distal convoluted tubule	MA:0001666	distal convoluted tubule
CL:1000850	macula densa epithelial cell	UBERON:0002335	macula densa	MA:0002603	macula densa
CL:1000854	kidney blood vessel cell	UBERON:0003517	kidney blood vessel	MA:0001682	kidney blood vessel
CL:1000891	kidney arterial blood vessel cell	UBERON:0003644	kidney arterial blood vessel	MA:0002578	kidney arterial blood vessel
CL:1000892	kidney capillary endothelial cell	UBERON:0003527	kidney capillary	MA:0002586	kidney capillary
CL:1000893	kidney venous blood vessel cell	UBERON:0001140	renal vein	MA:0002210	renal vein
CL:1000909	kidney loop of henle epithelial cell	UBERON:0001288	loop of Henle	MA:0001675	loop of henle
CL:1000979	ureter smooth muscle cell	UBERON:0006855	muscular coat of ureter	MA:0002654	ureter muscle layer
CL:1001005	glomerular capillary endothelial cell	UBERON:0004294	glomerular capillary endothelium	MA:0001658	glomerular capillary endothelium
CL:1001006	kidney afferent arteriole cell	UBERON:0004639	afferent arteriole	MA:0002579	afferent arteriole
CL:1001009	kidney efferent arteriole cell	UBERON:0004640	efferent arteriole	MA:0002585	efferent arteriole
CL:1001016	kidney loop of henle ascending limb epithelial cell	UBERON:0005164	ascending limb of loop of Henle	MA:0001676	loop of henle ascending limb
CL:1001021	kidney loop of henle descending limb epithelial cell	UBERON:0001289	descending limb of loop of Henle	MA:0001679	loop of henle descending limb
CL:1001033	peritubular capillary endothelial cell	UBERON:0005272	peritubular capillary	MA:0002588	peritubular capillary
CL:1001036	vasa recta cell	UBERON:0004726	vasa recta	MA:0002595	renal medullary capillary
CL:1001045	kidney cortex artery cell	UBERON:0005268	renal cortex artery	MA:0002582	kidney cortex artery
CL:1001052	kidney cortex vein cell	UBERON:0005269	renal cortex vein	MA:0002592	kidney cortex vein
CL:1001096	kidney afferent arteriole endothelial cell	UBERON:0004639	afferent arteriole	MA:0002579	afferent arteriole
CL:1001097	kidney afferent arteriole smooth muscle cell	UBERON:0004639	afferent arteriole	MA:0002579	afferent arteriole
CL:1001099	kidney efferent arteriole endothelial cell	UBERON:0004640	efferent arteriole	MA:0002585	efferent arteriole
CL:1001100	kidney efferent arteriole smooth muscle cell	UBERON:0004640	efferent arteriole	MA:0002585	efferent arteriole
CL:1001106	kidney loop of henle thick ascending limb epithelial cell	UBERON:0001291	thick ascending limb of loop of Henle	MA:0001677	loop of henle ascending limb thick segment
CL:1001107	kidney loop of henle thin ascending limb epithelial cell	UBERON:0004193	loop of Henle ascending limb thin segment	MA:0001678	loop of henle ascending limb thin segment
CL:1001108	kidney loop of henle medullary thick ascending limb epithelial cell	UBERON:0006376	premacula segment of distal straight tubule	MA:0002628	distal straight tubule premacula segment
CL:1001109	kidney loop of henle cortical thick ascending limb epithelial cell	UBERON:0006854	distal straight tubule postmacula segment	MA:0002615	distal straight tubule postmacula segment
CL:1001111	kidney loop of henle thin descending limb epithelial cell	UBERON:0005096	descending thin limb	MA:0002625	loop of henle thin descending limb
CL:1001123	kidney outer medulla peritubular capillary cell	UBERON:0006341	outer renal medulla peritubular capillary	MA:0002589	kidney outer medulla peritubular capillary
CL:1001124	kidney cortex peritubular capillary cell	UBERON:0006851	renal cortex peritubular capillary	MA:0002590	kidney cortex peritubular capillary
CL:1001126	inner renal medulla vasa recta cell	UBERON:0004776	inner renal medulla vasa recta	MA:0002596	inner renal medulla vasa recta
CL:1001127	outer renal medulla vasa recta cell	UBERON:0004775	outer renal medulla vasa recta	MA:0002597	kidney outer medulla vasa recta
CL:1001135	arcuate artery cell	UBERON:0001552	kidney arcuate artery	MA:0002583	arcuate artery
CL:1001138	interlobular artery cell	UBERON:0004723	interlobular artery	MA:0002584	interlobular artery
CL:1001142	arcuate vein cell	UBERON:0004719	kidney arcuate vein	MA:0002593	arcuate vein
CL:1001145	interlobular vein cell	UBERON:0005168	interlobular vein	MA:0002594	interlobular vein
CL:1001213	arcuate artery endothelial cell	UBERON:0001552	kidney arcuate artery	MA:0002583	arcuate artery
CL:1001214	arcuate artery smooth muscle cell	UBERON:0001552	kidney arcuate artery	MA:0002583	arcuate artery
CL:1001216	interlobulary artery endothelial cell	UBERON:0004723	interlobular artery	MA:0002584	interlobular artery
CL:1001217	interlobulary artery smooth muscle cell	UBERON:0004723	interlobular artery	MA:0002584	interlobular artery
CL:1001220	arcuate vein endothelial cell	UBERON:0004719	kidney arcuate vein	MA:0002593	arcuate vein
CL:1001221	arcuate vein smooth muscle cell	UBERON:0004719	kidney arcuate vein	MA:0002593	arcuate vein
CL:1001223	interlobulary vein endothelial cell	UBERON:0005168	interlobular vein	MA:0002594	interlobular vein
CL:1001224	interlobulary vein smooth muscle cell	UBERON:0005168	interlobular vein	MA:0002594	interlobular vein
CL:1001225	kidney collecting duct cell	UBERON:0001232	collecting duct of renal tubule	MA:0000371	kidney collecting duct
CL:1001318	renal interstitial pericyte	UBERON:0002113	kidney	MA:0000368	kidney
CL:1001319	bladder cell	UBERON:0001255	urinary bladder	MA:0000380	urinary bladder
CL:1001320	urethra cell	UBERON:0000057	urethra	MA:0000379	urethra
CL:1001428	bladder urothelial cell	UBERON:0004645	urinary bladder urothelium	MA:0001693	urinary bladder urothelium
CL:1001430	urethra urothelial cell	UBERON:0004787	urethra urothelium	MA:0001687	urethra urothelium
CL:1001431	kidney collecting duct principal cell	UBERON:0001232	collecting duct of renal tubule	MA:0000371	kidney collecting duct
CL:1001432	kidney collecting duct intercalated cell	UBERON:0001232	collecting duct of renal tubule	MA:0000371	kidney collecting duct
CL:1001433	epithelial cell of exocrine pancreas	UBERON:0000017	exocrine pancreas	MA:0002415	exocrine pancreas
CL:1001434	olfactory bulb interneuron	UBERON:0002264	olfactory bulb	MA:0000194	main olfactory bulb
CL:1001435	periglomerular cell	UBERON:0005377	olfactory bulb glomerular layer	MA:0000970	olfactory bulb glomerular layer
CL:1001451	sensory neuron of dorsal root ganglion	UBERON:0000044	dorsal root ganglion	MA:0000231	spinal ganglion
CL:1001451	sensory neuron of dorsal root ganglion	UBERON:0000044	dorsal root ganglion	MA:0000232	dorsal root ganglion
CL:1001502	mitral cell	UBERON:0004186	olfactory bulb mitral cell layer	MA:0000973	olfactory bulb mitral cell layer
CL:1001503	olfactory bulb tufted cell	UBERON:0005376	olfactory bulb external plexiform layer	MA:0000969	olfactory bulb external plexiform layer
CL:1001505	parvocellular neurosecretory cell	UBERON:0001930	paraventricular nucleus of hypothalamus	MA:0000848	paraventricular hypothalamic nucleus
CL:1001516	intestinal enteroendocrine cell	UBERON:0001242	intestinal mucosa	MA:0001537	intestine mucosa
CL:1001517	stomach enteroendocrine cell	UBERON:0001160	fundus of stomach	MA:0001612	stomach fundus
CL:1001561	vomeronasal sensory neuron	UBERON:0002255	vomeronasal organ	MA:0000289	vomeronasal organ
CL:1001566	bronchioalveolar stem cells	UBERON:0000115	lung epithelium	MA:0001783	lung epithelium
CL:1001567	lung endothelial cell	UBERON:0002048	lung	MA:0000415	lung
CL:1001568	pulmonary artery endothelial cell	UBERON:0002012	pulmonary artery	MA:0002031	pulmonary artery
CL:1001569	hippocampal interneuron	UBERON:0001954	Ammon's horn	MA:0000191	hippocampus
CL:1001571	hippocampal pyramidal neuron	UBERON:0001954	Ammon's horn	MA:0000191	hippocampus
CL:1001571	hippocampal pyramidal neuron	UBERON:0002313	hippocampus pyramidal layer	MA:0000956	hippocampus pyramidal layer
CL:1001572	colon endothelial cell	UBERON:0001155	colon	MA:0000335	colon
CL:1001573	nasopharyngeal epithelial cell	UBERON:0001728	nasopharynx	MA:0000443	nasopharynx
CL:1001573	nasopharyngeal epithelial cell	UBERON:0001951	epithelium of nasopharynx	MA:0001865	nasopharynx epithelium
CL:1001575	uterine cervix squamous cell	UBERON:0000002	uterine cervix	MA:0000392	uterine cervix
CL:1001575	uterine cervix squamous cell	UBERON:0004801	cervix epithelium	MA:0001724	cervix epithelium
CL:1001576	oral mucosa squamous cell	UBERON:0002424	oral epithelium	MA:0000344	oral epithelium
CL:1001577	tonsil squamous cell	UBERON:0002372	tonsil	MA:0000143	tonsil
CL:1001578	vagina squamous cell	UBERON:0000996	vagina	MA:0000394	vagina
CL:1001578	vagina squamous cell	UBERON:0001344	epithelium of vagina	MA:0001730	vagina epithelium
CL:1001579	cerebral cortex glial cell	UBERON:0000956	cerebral cortex	MA:0000185	cerebral cortex
CL:1001580	hippocampus glial cell	UBERON:0001954	Ammon's horn	MA:0000191	hippocampus
CL:1001581	lateral ventricle glial cell	UBERON:0002285	telencephalic ventricle	MA:0000192	lateral ventricle
CL:1001582	lateral ventricle neuron	UBERON:0002285	telencephalic ventricle	MA:0000192	lateral ventricle
CL:1001585	appendix glandular cell	UBERON:0001154	vermiform appendix	MA:0001540	appendix
CL:1001586	mammary gland glandular cell	UBERON:0001911	mammary gland	MA:0000145	mammary gland
CL:1001586	mammary gland glandular cell	UBERON:0003244	epithelium of mammary gland	MA:0000792	mammary gland epithelium
CL:1001587	uterine cervix glandular cell	UBERON:0000002	uterine cervix	MA:0000392	uterine cervix
CL:1001587	uterine cervix glandular cell	UBERON:0004801	cervix epithelium	MA:0001724	cervix epithelium
CL:1001588	colon glandular cell	UBERON:0000397	colonic epithelium	MA:0003195	colon epithelium
CL:1001588	colon glandular cell	UBERON:0001155	colon	MA:0000335	colon
CL:1001589	duodenum glandular cell	UBERON:0002114	duodenum	MA:0000338	duodenum
CL:1001589	duodenum glandular cell	UBERON:0008346	duodenal epithelium	MA:0003208	duodenum epithelium
CL:1001590	epididymis glandular cell	UBERON:0001301	epididymis	MA:0000397	epididymis
CL:1001590	epididymis glandular cell	UBERON:0004544	epididymis epithelium	MA:0002825	epididymis epithelium
CL:1001591	oviduct glandular cell	UBERON:0004804	oviduct epithelium	MA:0001718	oviduct epithelium
CL:1001592	gall bladder glandular cell	UBERON:0002029	epithelium of gall bladder	MA:0001632	gall bladder epithelium
CL:1001592	gall bladder glandular cell	UBERON:0002110	gall bladder	MA:0000356	gall bladder
CL:1001593	parathyroid glandular cell	UBERON:0001132	parathyroid gland	MA:0000128	parathyroid gland
CL:1001595	rectum glandular cell	UBERON:0001052	rectum	MA:0000336	rectum
CL:1001595	rectum glandular cell	UBERON:0003354	epithelium of rectum	MA:0003219	rectum epithelium
CL:1001596	salivary gland glandular cell	UBERON:0001044	saliva-secreting gland	MA:0000346	salivary gland
CL:1001596	salivary gland glandular cell	UBERON:0004809	salivary gland epithelium	MA:0001587	salivary gland epithelium
CL:1001597	seminal vesicle glandular cell	UBERON:0000998	seminal vesicle	MA:0000410	seminal vesicle
CL:1001597	seminal vesicle glandular cell	UBERON:0004805	seminal vesicle epithelium	MA:0001745	seminal vesicle epithelium
CL:1001598	small intestine glandular cell	UBERON:0001902	epithelium of small intestine	MA:0001553	small intestine epithelium
CL:1001598	small intestine glandular cell	UBERON:0002108	small intestine	MA:0000337	small intestine
CL:1001599	pancreas exocrine glandular cell	UBERON:0000017	exocrine pancreas	MA:0002415	exocrine pancreas
CL:1001601	adrenal gland glandular cell	UBERON:0001235	adrenal cortex	MA:0000118	adrenal gland cortex
CL:1001602	cerebral cortex endothelial cell	UBERON:0000956	cerebral cortex	MA:0000185	cerebral cortex
CL:1001603	lung macrophage	UBERON:0002048	lung	MA:0000415	lung
CL:1001606	foreskin keratinocyte	UBERON:0001332	prepuce of penis	MA:0000407	prepuce
CL:1001607	articular chondrocyte	UBERON:0010996	articular cartilage of joint	MA:0000487	articular cartilage
CL:1001608	foreskin fibroblast	UBERON:0001332	prepuce of penis	MA:0000407	prepuce
CL:1001609	muscle fibroblast	UBERON:0001630	muscle organ	MA:0000015	muscle organ
CL:1001610	bone marrow hematopoietic cell	UBERON:0002371	bone marrow	MA:0000134	bone marrow
CL:1001611	cerebellar neuron	UBERON:0002037	cerebellum	MA:0000198	cerebellum
CL:2000000	epidermal melanocyte	UBERON:0001003	skin epidermis	MA:0000153	epidermis
CL:2000001	peripheral blood mononuclear cell	UBERON:0000178	blood	MA:0000059	blood
CL:2000002	decidua cell	UBERON:0002450	decidua	MA:0001722	decidua
CL:2000004	pituitary gland cell	UBERON:0000007	pituitary gland	MA:0000176	pituitary gland
CL:2000005	brain macroglial cell	UBERON:0000955	brain	MA:0000168	brain
CL:2000006	tonsil germinal center B cell	UBERON:0002372	tonsil	MA:0000143	tonsil
CL:2000007	articular chondrocyte of knee joint	UBERON:0001485	knee joint	MA:0000471	knee joint
CL:2000010	dermis blood vessel endothelial cell	UBERON:0002067	dermis	MA:0000152	dermis
CL:2000011	dermis lymphatic vessel endothelial cell	UBERON:0002067	dermis	MA:0000152	dermis
CL:2000012	fibroblast of pedal digit skin	UBERON:0003530	pedal digit skin	MA:0000650	foot digit skin
CL:2000013	fibroblast of skin of abdomen	UBERON:0001416	skin of abdomen	MA:0000523	abdomen skin
CL:2000014	fibroblast of upper leg skin	UBERON:0004262	upper leg skin	MA:0000686	upper leg skin
CL:2000015	fibroblast of arm	UBERON:0001460	arm	MA:0000033	arm
CL:2000017	fibroblast of peridontal ligament	UBERON:0008266	periodontal ligament	MA:0002467	periodontal ligament
CL:2000018	endothelial cell of coronary artery	UBERON:0001621	coronary artery	MA:0002453	coronary artery
CL:2000021	sebaceous gland native cell	UBERON:0001821	sebaceous gland	MA:0002565	sebaceous gland
CL:2000022	cardiac septum native cell	UBERON:0002099	cardiac septum	MA:0000083	heart septum
CL:2000023	spinal cord ventral column interneuron	UBERON:0005375	spinal cord ventral column	MA:0002751	spinal cord ventral column
CL:2000025	spinal cord oligodendrocyte	UBERON:0002240	spinal cord	MA:0000216	spinal cord
CL:2000027	cerebellum basket cell	UBERON:0002037	cerebellum	MA:0000198	cerebellum
CL:2000028	cerebellum glutamatergic neuron	UBERON:0002037	cerebellum	MA:0000198	cerebellum
CL:2000029	central nervous system neuron	UBERON:0001017	central nervous system	MA:0000167	central nervous system
CL:2000030	hypothalamus native cell	UBERON:0001898	hypothalamus	MA:0000173	hypothalamus
CL:2000032	peripheral nervous system neuron	UBERON:0000010	peripheral nervous system	MA:0000218	peripheral nervous system
CL:2000033	limb basal cell of epidermis	UBERON:0002101	limb	MA:0000007	limb
CL:2000040	bladder microvascular endothelial cell	UBERON:0001255	urinary bladder	MA:0000380	urinary bladder
CL:2000043	brain pericyte	UBERON:0000955	brain	MA:0000168	brain
CL:2000044	brain microvascular endothelial cell	UBERON:0000955	brain	MA:0000168	brain
CL:2000045	foreskin melanocyte	UBERON:0001332	prepuce of penis	MA:0000407	prepuce
CL:2000046	ventricular cardiac muscle cell	UBERON:0002082	cardiac ventricle	MA:0000091	heart ventricle
