?cls	?xref
<http://purl.obolibrary.org/obo/CL_0000540>	"FBbt:00005106"
<http://purl.obolibrary.org/obo/CL_0000540>	"BTO:0000938"
<http://purl.obolibrary.org/obo/CL_0000540>	"WBbt:0003679"
<http://purl.obolibrary.org/obo/CL_0000540>	"VHOG:0001483"
<http://purl.obolibrary.org/obo/CL_0000540>	"CALOHA:TS-0683"
<http://purl.obolibrary.org/obo/CL_0000540>	"FMA:54527"
<http://purl.obolibrary.org/obo/CL_0000236>	"MESH:D001402"
<http://purl.obolibrary.org/obo/CL_0000236>	"VHOG:0001480"
<http://purl.obolibrary.org/obo/CL_0000236>	"CALOHA:TS-0068"
<http://purl.obolibrary.org/obo/CL_0000236>	"BTO:0000776"
<http://purl.obolibrary.org/obo/CL_0000236>	"FMA:62869"
<http://purl.obolibrary.org/obo/CL_0000163>	"FMA:83809"
<http://purl.obolibrary.org/obo/CL_0000034>	"FMA:63368"
<http://purl.obolibrary.org/obo/CL_0000034>	"CALOHA:TS-2086"
<http://purl.obolibrary.org/obo/CL_0009004>	"PMID:10702418"
<http://purl.obolibrary.org/obo/CL_0000746>	"MESH:D032383"
<http://purl.obolibrary.org/obo/CL_0000746>	"BTO:0001539"
<http://purl.obolibrary.org/obo/CL_0000746>	"CALOHA:TS-0115"
<http://purl.obolibrary.org/obo/CL_0000746>	"FMA:14067"
<http://purl.obolibrary.org/obo/CL_0000057>	"BTO:0000452"
<http://purl.obolibrary.org/obo/CL_0000057>	"VHOG:0001482"
<http://purl.obolibrary.org/obo/CL_0000057>	"FMA:63877"
<http://purl.obolibrary.org/obo/CL_0000057>	"CALOHA:TS-0362"
<http://purl.obolibrary.org/obo/CL_0000057>	"NCIT:C12482"
<http://purl.obolibrary.org/obo/CL_0000192>	"BTO:0004576"
<http://purl.obolibrary.org/obo/CL_0000192>	"FMA:14072"
<http://purl.obolibrary.org/obo/CL_0000192>	"CALOHA:TS-2159"
<http://purl.obolibrary.org/obo/CL_0000623>	"MESH:D007694"
<http://purl.obolibrary.org/obo/CL_0000623>	"FMA:63147"
<http://purl.obolibrary.org/obo/CL_0000623>	"BTO:0004716"
<http://purl.obolibrary.org/obo/CL_0000623>	"VHOG:0001697"
<http://purl.obolibrary.org/obo/CL_0000623>	"BTO:0000914"
<http://purl.obolibrary.org/obo/CL_0000623>	"CALOHA:TS-0664"
<http://purl.obolibrary.org/obo/CL_0000623>	"FMA:83601"
<http://purl.obolibrary.org/obo/CL_0000066>	"FBbt:00000124"
<http://purl.obolibrary.org/obo/CL_0000066>	"FMA:66768"
<http://purl.obolibrary.org/obo/CL_0000066>	"CALOHA:TS-2026"
<http://purl.obolibrary.org/obo/CL_0000066>	"CARO:0000077"
<http://purl.obolibrary.org/obo/CL_0000066>	"WBbt:0003672"
<http://purl.obolibrary.org/obo/CL_0000066>	"BTO:0000414"
<http://purl.obolibrary.org/obo/CL_0000499>	"FMA:83624"
<http://purl.obolibrary.org/obo/CL_0000499>	"BTO:0002064"
<http://purl.obolibrary.org/obo/CL_0000152>	"FMA:16014"
<http://purl.obolibrary.org/obo/CL_0000576>	"FMA:62864"
<http://purl.obolibrary.org/obo/CL_0000576>	"BTO:0000876"
<http://purl.obolibrary.org/obo/CL_0000576>	"CALOHA:TS-0638"
<http://purl.obolibrary.org/obo/CL_0000125>	"FBbt:00005144"
<http://purl.obolibrary.org/obo/CL_0000125>	"FMA:54536"
<http://purl.obolibrary.org/obo/CL_0000125>	"BTO:0002606"
<http://purl.obolibrary.org/obo/CL_0000125>	"CALOHA:TS-0415"
<http://purl.obolibrary.org/obo/CL_0000451>	"FMA:83036"
<http://purl.obolibrary.org/obo/CL_0000451>	"MESH:D003713"
<http://purl.obolibrary.org/obo/CL_0000451>	"BTO:0002042"
<http://purl.obolibrary.org/obo/CL_0000451>	"CALOHA:TS-0194"
<http://purl.obolibrary.org/obo/CL_0000136>	"FMA:63880"
<http://purl.obolibrary.org/obo/CL_0000136>	"CALOHA:TS-0012"
<http://purl.obolibrary.org/obo/CL_0000136>	"BTO:0000443"
<http://purl.obolibrary.org/obo/CL_0000188>	"FMA:9727"
<http://purl.obolibrary.org/obo/CL_0000188>	"CALOHA:TS-2158"
<http://purl.obolibrary.org/obo/CL_0000188>	"BTO:0004392"
<http://purl.obolibrary.org/obo/CL_0000084>	"CALOHA:TS-1001"
<http://purl.obolibrary.org/obo/CL_0000084>	"VHOG:0001479"
<http://purl.obolibrary.org/obo/CL_0000084>	"BTO:0000782"
<http://purl.obolibrary.org/obo/CL_0000084>	"FMA:62870"
<http://purl.obolibrary.org/obo/CL_0000084>	"MESH:D013601"
<http://purl.obolibrary.org/obo/CL_0000081>	"MESH:D001773"
<http://purl.obolibrary.org/obo/CL_0000081>	"FMA:62844"
<http://purl.obolibrary.org/obo/CL_0000235>	"BTO:0000801"
<http://purl.obolibrary.org/obo/CL_0000235>	"FMA:63261"
<http://purl.obolibrary.org/obo/CL_0000235>	"FMA:83585"
<http://purl.obolibrary.org/obo/CL_0000235>	"MESH:D008264"
<http://purl.obolibrary.org/obo/CL_0000235>	"CALOHA:TS-0587"
<http://purl.obolibrary.org/obo/CL_0000148>	"MESH:D008544"
<http://purl.obolibrary.org/obo/CL_0000148>	"VHOG:0001679"
<http://purl.obolibrary.org/obo/CL_0000148>	"CALOHA:TS-0613"
<http://purl.obolibrary.org/obo/CL_0000148>	"BTO:0000847"
<http://purl.obolibrary.org/obo/CL_0000148>	"FMA:70545"
<http://purl.obolibrary.org/obo/CL_0000462>	"FBbt:00003219"
<http://purl.obolibrary.org/obo/CL_0000380>	"FBbt:00005173"
<http://purl.obolibrary.org/obo/CL_0000385>	"FBbt:00005062"
<http://purl.obolibrary.org/obo/CL_0000398>	"FBbt:00001691"
<http://purl.obolibrary.org/obo/CL_0000108>	"FBbt:00007173"
<http://purl.obolibrary.org/obo/CL_0000108>	"WBbt:0006840"
<http://purl.obolibrary.org/obo/CL_0000108>	"MESH:D059329"
<http://purl.obolibrary.org/obo/CL_0000108>	"FMA:84796"
<http://purl.obolibrary.org/obo/CL_0000108>	"BTO:0004902"
<http://purl.obolibrary.org/obo/CL_0000674>	"FBbt:00004910"
<http://purl.obolibrary.org/obo/CL_0000579>	"FBbt:00004905"
<http://purl.obolibrary.org/obo/CL_0000469>	"FBbt:00005149"
<http://purl.obolibrary.org/obo/CL_0000482>	"FBbt:00058020"
<http://purl.obolibrary.org/obo/CL_0000372>	"FBbt:00005171"
<http://purl.obolibrary.org/obo/CL_0000441>	"FBbt:00004903"
<http://purl.obolibrary.org/obo/CL_0000099>	"FBbt:00005125"
<http://purl.obolibrary.org/obo/CL_0000099>	"WBbt:0005113"
<http://purl.obolibrary.org/obo/CL_0000099>	"FMA:67313"
<http://purl.obolibrary.org/obo/CL_0000099>	"BTO:0003811"
<http://purl.obolibrary.org/obo/CL_0000023>	"FBbt:00004886"
<http://purl.obolibrary.org/obo/CL_0000023>	"WBbt:0006797"
<http://purl.obolibrary.org/obo/CL_0000023>	"MESH:D009865"
<http://purl.obolibrary.org/obo/CL_0000023>	"FMA:18644"
<http://purl.obolibrary.org/obo/CL_0000023>	"BTO:0000964"
<http://purl.obolibrary.org/obo/CL_0000023>	"CALOHA:TS-0711"
<http://purl.obolibrary.org/obo/CL_0008007>	"FBbt:00005070"
<http://purl.obolibrary.org/obo/CL_0000617>	"FBbt:00007228"
<http://purl.obolibrary.org/obo/CL_0000617>	"WBbt:0005190"
<http://purl.obolibrary.org/obo/CL_0000617>	"MESH:D059330"
<http://purl.obolibrary.org/obo/CL_0000617>	"FMA:84788"
<http://purl.obolibrary.org/obo/CL_0000673>	"FBbt:00003686"
<http://purl.obolibrary.org/obo/CL_0000463>	"FBbt:00007325"
<http://purl.obolibrary.org/obo/CL_0000396>	"FBbt:00001687"
<http://purl.obolibrary.org/obo/CL_0000468>	"FBbt:00005147"
<http://purl.obolibrary.org/obo/CL_0011110>	"FBbt:00007367"
<http://purl.obolibrary.org/obo/CL_0000026>	"FBbt:00004878"
<http://purl.obolibrary.org/obo/CL_0000026>	"BTO:0000953"
<http://purl.obolibrary.org/obo/CL_0000196>	"FBbt:00003360"
<http://purl.obolibrary.org/obo/CL_0000016>	"FBbt:00004929"
<http://purl.obolibrary.org/obo/CL_0000487>	"FBbt:00004995"
<http://purl.obolibrary.org/obo/CL_0000300>	"FBbt:00005412"
<http://purl.obolibrary.org/obo/CL_0000300>	"FMA:18649"
<http://purl.obolibrary.org/obo/CL_0000300>	"CALOHA:TS-0395"
<http://purl.obolibrary.org/obo/CL_0000110>	"FBbt:00004101"
<http://purl.obolibrary.org/obo/CL_0000100>	"FBbt:00005123"
<http://purl.obolibrary.org/obo/CL_0000100>	"WBbt:0005409"
<http://purl.obolibrary.org/obo/CL_0000100>	"FMA:83617"
<http://purl.obolibrary.org/obo/CL_0000100>	"BTO:0000312"
<http://purl.obolibrary.org/obo/CL_1000155>	"FBbt:00005797"
<http://purl.obolibrary.org/obo/CL_0000718>	"FBbt:00004193"
<http://purl.obolibrary.org/obo/CL_0000020>	"FBbt:00004935"
<http://purl.obolibrary.org/obo/CL_0000020>	"FBbt:00004934"
<http://purl.obolibrary.org/obo/CL_0000020>	"FMA:72291"
<http://purl.obolibrary.org/obo/CL_0000020>	"EMAPA:31482"
<http://purl.obolibrary.org/obo/CL_0000020>	"CALOHA:TS-2193"
<http://purl.obolibrary.org/obo/CL_0000020>	"BTO:0000958"
<http://purl.obolibrary.org/obo/CL_0000671>	"FBbt:00004906"
<http://purl.obolibrary.org/obo/CL_0000165>	"FBbt:00005130"
<http://purl.obolibrary.org/obo/CL_0000165>	"FMA:83810"
<http://purl.obolibrary.org/obo/CL_0000165>	"BTO:0002691"
<http://purl.obolibrary.org/obo/CL_0008004>	"FBbt:00005073"
<http://purl.obolibrary.org/obo/CL_2000019>	"FBbt:00004211"
<http://purl.obolibrary.org/obo/CL_0000486>	"FBbt:00005059"
<http://purl.obolibrary.org/obo/CL_0000486>	"BTO:0004596"
<http://purl.obolibrary.org/obo/CL_0000014>	"FBbt:00004861"
<http://purl.obolibrary.org/obo/CL_0000019>	"FBbt:00004954"
<http://purl.obolibrary.org/obo/CL_0000019>	"CALOHA:TS-0949"
<http://purl.obolibrary.org/obo/CL_0000019>	"BTO:0002046"
<http://purl.obolibrary.org/obo/CL_0000019>	"BTO:0001277"
<http://purl.obolibrary.org/obo/CL_0000019>	"FMA:67338"
<http://purl.obolibrary.org/obo/CL_0000019>	"WBbt:0006798"
<http://purl.obolibrary.org/obo/CL_0000395>	"FBbt:00001689"
<http://purl.obolibrary.org/obo/CL_1001509>	"FBbt:00048032"
<http://purl.obolibrary.org/obo/CL_0001658>	"FBbt:00004230"
<http://purl.obolibrary.org/obo/CL_0000657>	"FBbt:00004941"
<http://purl.obolibrary.org/obo/CL_0000657>	"FMA:72293"
<http://purl.obolibrary.org/obo/CL_0000657>	"CALOHA:TS-2195"
<http://purl.obolibrary.org/obo/CL_0000657>	"BTO:0000709"
<http://purl.obolibrary.org/obo/CL_0008026>	"FBbt:00005038"
<http://purl.obolibrary.org/obo/CL_0000187>	"FBbt:00005074"
<http://purl.obolibrary.org/obo/CL_0000187>	"BTO:0000902"
<http://purl.obolibrary.org/obo/CL_0000187>	"WBbt:0003675"
<http://purl.obolibrary.org/obo/CL_0000187>	"BTO:0000888"
<http://purl.obolibrary.org/obo/CL_0000187>	"CALOHA:TS-2032"
<http://purl.obolibrary.org/obo/CL_0000187>	"FMA:67328"
<http://purl.obolibrary.org/obo/CL_0000850>	"FBbt:00005133"
<http://purl.obolibrary.org/obo/CL_0000850>	"WBbt:0006837"
<http://purl.obolibrary.org/obo/CL_0000850>	"MESH:D059326"
<http://purl.obolibrary.org/obo/CL_0000116>	"FBbt:00005128"
<http://purl.obolibrary.org/obo/CL_0000338>	"FBbt:00005146"
<http://purl.obolibrary.org/obo/CL_0000429>	"FBbt:00007108"
<http://purl.obolibrary.org/obo/CL_0000374>	"FBbt:00005169"
<http://purl.obolibrary.org/obo/CL_0000374>	"BTO:0004744"
<http://purl.obolibrary.org/obo/CL_0000474>	"FBbt:00005058"
<http://purl.obolibrary.org/obo/CL_0000056>	"FBbt:00005083"
<http://purl.obolibrary.org/obo/CL_0000056>	"VHOG:0001529"
<http://purl.obolibrary.org/obo/CL_0000056>	"FMA:70335"
<http://purl.obolibrary.org/obo/CL_0000056>	"CALOHA:TS-0650"
<http://purl.obolibrary.org/obo/CL_0000056>	"BTO:0000222"
<http://purl.obolibrary.org/obo/CL_0000394>	"FBbt:00001685"
<http://purl.obolibrary.org/obo/CL_0000025>	"FBbt:00057012"
<http://purl.obolibrary.org/obo/CL_0000025>	"BTO:0003801"
<http://purl.obolibrary.org/obo/CL_0000025>	"CALOHA:TS-2191"
<http://purl.obolibrary.org/obo/CL_0000025>	"FMA:67343"
<http://purl.obolibrary.org/obo/CL_0000025>	"BTO:0000369"
<http://purl.obolibrary.org/obo/CL_0000025>	"MESH:D010063"
<http://purl.obolibrary.org/obo/CL_0000340>	"FBbt:00005145"
<http://purl.obolibrary.org/obo/CL_0000700>	"FBbt:00005131"
<http://purl.obolibrary.org/obo/CL_0000700>	"WBbt:0006746"
<http://purl.obolibrary.org/obo/CL_0000700>	"MESH:D059290"
<http://purl.obolibrary.org/obo/CL_0000700>	"FMA:84787"
<http://purl.obolibrary.org/obo/CL_0000700>	"BTO:0004032"
<http://purl.obolibrary.org/obo/CL_0000679>	"FBbt:00100291"
<http://purl.obolibrary.org/obo/CL_0000679>	"WBbt:0006829"
<http://purl.obolibrary.org/obo/CL_0000465>	"FBbt:00001666"
<http://purl.obolibrary.org/obo/CL_0000000>	"FBbt:00007002"
<http://purl.obolibrary.org/obo/CL_0000000>	"CALOHA:TS-2035"
<http://purl.obolibrary.org/obo/CL_0000000>	"MESH:D002477"
<http://purl.obolibrary.org/obo/CL_0000000>	"XAO:0003012"
<http://purl.obolibrary.org/obo/CL_0000000>	"VHOG:0001533"
<http://purl.obolibrary.org/obo/CL_0000000>	"GO:0005623"
<http://purl.obolibrary.org/obo/CL_0000000>	"FMA:68646"
<http://purl.obolibrary.org/obo/CL_0000000>	"WBbt:0004017"
<http://purl.obolibrary.org/obo/CL_0000000>	"KUPO:0000002"
<http://purl.obolibrary.org/obo/CL_0000477>	"FBbt:00004904"
<http://purl.obolibrary.org/obo/CL_0000464>	"FBbt:00004994"
<http://purl.obolibrary.org/obo/CL_0000382>	"FBbt:00005219"
<http://purl.obolibrary.org/obo/CL_0000018>	"FBbt:00004942"
<http://purl.obolibrary.org/obo/CL_0000018>	"BTO:0001274"
<http://purl.obolibrary.org/obo/CL_0000018>	"EMAPA:31486"
<http://purl.obolibrary.org/obo/CL_0000018>	"FMA:72294"
<http://purl.obolibrary.org/obo/CL_0000018>	"WBbt:0006800"
<http://purl.obolibrary.org/obo/CL_0000018>	"CALOHA:TS-0950"
<http://purl.obolibrary.org/obo/CL_0000387>	"FBbt:00005063"
<http://purl.obolibrary.org/obo/CL_0000301>	"FBbt:00000092"
<http://purl.obolibrary.org/obo/CL_0000715>	"FBbt:00001690"
<http://purl.obolibrary.org/obo/CL_0002372>	"FBbt:00005812"
<http://purl.obolibrary.org/obo/CL_0000735>	"FBbt:00005917"
<http://purl.obolibrary.org/obo/CL_0000022>	"FBbt:00004873"
<http://purl.obolibrary.org/obo/CL_0000101>	"FBbt:00005124"
<http://purl.obolibrary.org/obo/CL_0000101>	"WBbt:0005759"
<http://purl.obolibrary.org/obo/CL_0000101>	"MESH:D011984"
<http://purl.obolibrary.org/obo/CL_0000101>	"FMA:84649"
<http://purl.obolibrary.org/obo/CL_0000101>	"BTO:0001037"
<http://purl.obolibrary.org/obo/CL_0000407>	"FBbt:00005221"
<http://purl.obolibrary.org/obo/CL_0000373>	"FBbt:00001789"
<http://purl.obolibrary.org/obo/CL_0000017>	"FBbt:00004936"
<http://purl.obolibrary.org/obo/CL_0000017>	"CALOHA:TS-0951"
<http://purl.obolibrary.org/obo/CL_0000017>	"BTO:0001275"
<http://purl.obolibrary.org/obo/CL_0000017>	"EMAPA:31484"
<http://purl.obolibrary.org/obo/CL_0000017>	"WBbt:0006799"
<http://purl.obolibrary.org/obo/CL_0000017>	"FMA:84049"
<http://purl.obolibrary.org/obo/CL_0000731>	"FMA:84127"
<http://purl.obolibrary.org/obo/CL_0002598>	"BTO:0004402"
<http://purl.obolibrary.org/obo/CL_0000173>	"FMA:70587"
<http://purl.obolibrary.org/obo/CL_0000173>	"BTO:0000803"
<http://purl.obolibrary.org/obo/CL_0002139>	"FMA:67755"
<http://purl.obolibrary.org/obo/CL_0002139>	"CALOHA:TS-1106"
<http://purl.obolibrary.org/obo/CL_0002139>	"BTO:0001854"
<http://purl.obolibrary.org/obo/CL_1000909>	"KUPO:0001047"
<http://purl.obolibrary.org/obo/CL_0009002>	"http://en.wikipedia.org/wiki/Inflammatory_response"
<http://purl.obolibrary.org/obo/CL_0009002>	"GOC:pr"
<http://purl.obolibrary.org/obo/CL_0000158>	"BTO:0004811"
<http://purl.obolibrary.org/obo/CL_0000158>	"FMA:14119"
<http://purl.obolibrary.org/obo/CL_0000312>	"CALOHA:TS-0500"
<http://purl.obolibrary.org/obo/CL_0000312>	"BTO:0000667"
<http://purl.obolibrary.org/obo/CL_0000312>	"FMA:62879"
<http://purl.obolibrary.org/obo/CL_1001433>	"FMA:70986"
<http://purl.obolibrary.org/obo/CL_0000076>	"CALOHA:TS-1249"
<http://purl.obolibrary.org/obo/CL_0000062>	"BTO:0001593"
<http://purl.obolibrary.org/obo/CL_0000062>	"FMA:66780"
<http://purl.obolibrary.org/obo/CL_0000062>	"CALOHA:TS-0720"
<http://purl.obolibrary.org/obo/CL_0002259>	"FMA:87171"
<http://purl.obolibrary.org/obo/CL_1000436>	"FMA:70560"
<http://purl.obolibrary.org/obo/CL_1001568>	"BTO:0001141"
<http://purl.obolibrary.org/obo/CL_1000497>	"KUPO:0001010"
<http://purl.obolibrary.org/obo/CL_0000842>	"CALOHA:TS-0768"
<http://purl.obolibrary.org/obo/CL_0000842>	"BTO:0000878"
<http://purl.obolibrary.org/obo/CL_0000842>	"FMA:86713"
<http://purl.obolibrary.org/obo/CL_1000428>	"FMA:70541"
<http://purl.obolibrary.org/obo/CL_0000556>	"CALOHA:TS-0611"
<http://purl.obolibrary.org/obo/CL_0000556>	"FMA:83555"
<http://purl.obolibrary.org/obo/CL_0000556>	"BTO:0000843"
<http://purl.obolibrary.org/obo/CL_1000414>	"FMA:67762"
<http://purl.obolibrary.org/obo/CL_0002154>	"FMA:83533"
<http://purl.obolibrary.org/obo/CL_1000449>	"FMA:70965"
<http://purl.obolibrary.org/obo/CL_0002203>	"FMA:263222"
<http://purl.obolibrary.org/obo/CL_0002420>	"CALOHA:TS-1042"
<http://purl.obolibrary.org/obo/CL_0002420>	"BTO:0001372"
<http://purl.obolibrary.org/obo/CL_0000745>	"BTO:0004120"
<http://purl.obolibrary.org/obo/CL_0000503>	"BTO:0002850"
<http://purl.obolibrary.org/obo/CL_0002079>	"FMA:63099"
<http://purl.obolibrary.org/obo/CL_0000091>	"BTO:0000685"
<http://purl.obolibrary.org/obo/CL_0000091>	"FMA:14656"
<http://purl.obolibrary.org/obo/CL_1001099>	"KUPO:0001042"
<http://purl.obolibrary.org/obo/CL_4023018>	"ILX:0770154"
<http://purl.obolibrary.org/obo/CL_1001602>	"CALOHA:TS-2372"
<http://purl.obolibrary.org/obo/CL_1000443>	"FMA:70610"
<http://purl.obolibrary.org/obo/CL_4023048>	"ILX:0770174"
<http://purl.obolibrary.org/obo/CL_0000632>	"CALOHA:TS-0452"
<http://purl.obolibrary.org/obo/CL_0000632>	"FMA:67763"
<http://purl.obolibrary.org/obo/CL_0000632>	"BTO:0002741"
<http://purl.obolibrary.org/obo/CL_0000508>	"FMA:67609"
<http://purl.obolibrary.org/obo/CL_0000508>	"BTO:0004108"
<http://purl.obolibrary.org/obo/CL_0000577>	"FMA:62934"
<http://purl.obolibrary.org/obo/CL_0000577>	"FMA:83132"
<http://purl.obolibrary.org/obo/CL_0000577>	"MESH:D004759"
<http://purl.obolibrary.org/obo/CL_0000115>	"FMA:66772"
<http://purl.obolibrary.org/obo/CL_0000115>	"CALOHA:TS-0278"
<http://purl.obolibrary.org/obo/CL_0000115>	"BTO:0001176"
<http://purl.obolibrary.org/obo/CL_0010012>	"BTO:0004102"
<http://purl.obolibrary.org/obo/CL_0010012>	"FMA:84104"
<http://purl.obolibrary.org/obo/CL_1001005>	"KUPO:0001037"
<http://purl.obolibrary.org/obo/CL_0000178>	"EMAPA:29655"
<http://purl.obolibrary.org/obo/CL_0000178>	"CALOHA:TS-1150"
<http://purl.obolibrary.org/obo/CL_0000178>	"BTO:0000755"
<http://purl.obolibrary.org/obo/CL_0000178>	"FMA:72297"
<http://purl.obolibrary.org/obo/CL_0000178>	"MESH:D007985"
<http://purl.obolibrary.org/obo/CL_0000362>	"FMA:62411"
<http://purl.obolibrary.org/obo/CL_0000362>	"MESH:D000078404"
<http://purl.obolibrary.org/obo/CL_0000362>	"CALOHA:TS-0283"
<http://purl.obolibrary.org/obo/CL_0000362>	"BTO:0001470"
<http://purl.obolibrary.org/obo/CL_0002306>	"FMA:70973"
<http://purl.obolibrary.org/obo/CL_0002306>	"KUPO:0001044"
<http://purl.obolibrary.org/obo/CL_0000980>	"FMA:84371"
<http://purl.obolibrary.org/obo/CL_0002327>	"BTO:0004300"
<http://purl.obolibrary.org/obo/CL_0000510>	"FMA:62897"
<http://purl.obolibrary.org/obo/CL_0000510>	"BTO:0000993"
<http://purl.obolibrary.org/obo/CL_2000002>	"BTO:0002770"
<http://purl.obolibrary.org/obo/CL_2000002>	"BTO:0005756"
<http://purl.obolibrary.org/obo/CL_2000002>	"NCIT:C32429"
<http://purl.obolibrary.org/obo/CL_1000329>	"FMA:263075"
<http://purl.obolibrary.org/obo/CL_0002231>	"FMA:66817"
<http://purl.obolibrary.org/obo/CL_0002231>	"FMA:256163"
<http://purl.obolibrary.org/obo/CL_1000398>	"FMA:62911"
<http://purl.obolibrary.org/obo/CL_1000398>	"BTO:000125"
<http://purl.obolibrary.org/obo/CL_0000630>	"BTO:0002315"
<http://purl.obolibrary.org/obo/CL_0000765>	"FMA:83504"
<http://purl.obolibrary.org/obo/CL_0000765>	"CALOHA:TS-0289"
<http://purl.obolibrary.org/obo/CL_0000765>	"MESH:D004900"
<http://purl.obolibrary.org/obo/CL_0000765>	"BTO:0001571"
<http://purl.obolibrary.org/obo/CL_0002319>	"FMA:70333"
<http://purl.obolibrary.org/obo/CL_0002319>	"CALOHA:TS-2040"
<http://purl.obolibrary.org/obo/CL_0000122>	"BTO:0002316"
<http://purl.obolibrary.org/obo/CL_0001061>	"https://ncit.nci.nih.gov/ncitbrowser/ConceptReport.jsp?dictionary=NCI_Thesaurus&code=C12913"
<http://purl.obolibrary.org/obo/CL_1000320>	"FMA:263054"
<http://purl.obolibrary.org/obo/CL_0002223>	"FMA:63181"
<http://purl.obolibrary.org/obo/CL_0000646>	"FMA:62516"
<http://purl.obolibrary.org/obo/CL_0000646>	"BTO:0000939"
<http://purl.obolibrary.org/obo/CL_0000242>	"FMA:70548"
<http://purl.obolibrary.org/obo/CL_1001474>	"BTO:0004778"
<http://purl.obolibrary.org/obo/CL_1000839>	"KUPO:0001046"
<http://purl.obolibrary.org/obo/CL_0000151>	"FMA:86916"
<http://purl.obolibrary.org/obo/CL_0000151>	"BTO:0003659"
<http://purl.obolibrary.org/obo/CL_0000763>	"MESH:D022423"
<http://purl.obolibrary.org/obo/CL_0000763>	"CALOHA:TS-0647"
<http://purl.obolibrary.org/obo/CL_0000763>	"BTO:0001441"
<http://purl.obolibrary.org/obo/CL_0000038>	"BTO:0004911"
<http://purl.obolibrary.org/obo/CL_0000024>	"FMA:83673"
<http://purl.obolibrary.org/obo/CL_0000255>	"MESH:D005057"
<http://purl.obolibrary.org/obo/CL_0002252>	"FMA:63071"
<http://purl.obolibrary.org/obo/CL_0002364>	"BTO:0004562"
<http://purl.obolibrary.org/obo/CL_1000838>	"KUPO:0001045"
<http://purl.obolibrary.org/obo/CL_0002350>	"FMA:75621"
<http://purl.obolibrary.org/obo/CL_0000598>	"FMA:86775"
<http://purl.obolibrary.org/obo/CL_0000598>	"NIFSTD:sao862606388"
<http://purl.obolibrary.org/obo/CL_0000598>	"BTO:0003102"
<http://purl.obolibrary.org/obo/CL_0000598>	"FMA:67310"
<http://purl.obolibrary.org/obo/CL_1000692>	"KUPO:0001102"
<http://purl.obolibrary.org/obo/CL_0000128>	"BTO:0000962"
<http://purl.obolibrary.org/obo/CL_0000128>	"CALOHA:TS-0709"
<http://purl.obolibrary.org/obo/CL_0000128>	"FMA:54540"
<http://purl.obolibrary.org/obo/CL_0002377>	"ZFA:0001725"
<http://purl.obolibrary.org/obo/CL_0000067>	"FMA:70605"
<http://purl.obolibrary.org/obo/CL_0000650>	"BTO:0000853"
<http://purl.obolibrary.org/obo/CL_0000650>	"FMA:70972"
<http://purl.obolibrary.org/obo/CL_0000650>	"MESH:D050527"
<http://purl.obolibrary.org/obo/CL_0000650>	"CALOHA:TS-0617"
<http://purl.obolibrary.org/obo/CL_0002132>	"FMA:72299"
<http://purl.obolibrary.org/obo/CL_1000488>	"FMA:86481"
<http://purl.obolibrary.org/obo/CL_0000784>	"BTO:0004625"
<http://purl.obolibrary.org/obo/CL_0000542>	"MESH:D008214"
<http://purl.obolibrary.org/obo/CL_0000542>	"VHOG:0001535"
<http://purl.obolibrary.org/obo/CL_0000542>	"CALOHA:TS-0583"
<http://purl.obolibrary.org/obo/CL_0000542>	"FMA:62863"
<http://purl.obolibrary.org/obo/CL_0000542>	"BTO:0000775"
<http://purl.obolibrary.org/obo/CL_0000127>	"FMA:54537"
<http://purl.obolibrary.org/obo/CL_0000127>	"CALOHA:TS-0060"
<http://purl.obolibrary.org/obo/CL_0000127>	"BTO:0000099"
<http://purl.obolibrary.org/obo/CL_1001432>	"http://en.wikipedia.org/wiki/Collecting_duct_system#Intercalated_cells"
<http://purl.obolibrary.org/obo/CL_1001432>	"KUPO:0001129"
<http://purl.obolibrary.org/obo/CL_0000558>	"MESH:D012156"
<http://purl.obolibrary.org/obo/CL_0000558>	"CALOHA:TS-0864"
<http://purl.obolibrary.org/obo/CL_0000558>	"BTO:0001173"
<http://purl.obolibrary.org/obo/CL_0000841>	"FMA:83038"
<http://purl.obolibrary.org/obo/CL_0002279>	"FMA:62944"
<http://purl.obolibrary.org/obo/CL_0001024>	"CALOHA:TS-0448"
<http://purl.obolibrary.org/obo/CL_4023012>	"ILX:0770103"
<http://purl.obolibrary.org/obo/CL_0000082>	"BTO:0004299"
<http://purl.obolibrary.org/obo/CL_0000826>	"BTO:0003104"
<http://purl.obolibrary.org/obo/CL_1000448>	"FMA:70952"
<http://purl.obolibrary.org/obo/CL_1001431>	"KUPO:0001128"
<http://purl.obolibrary.org/obo/CL_1000275>	"FMA:15050"
<http://purl.obolibrary.org/obo/CL_0000502>	"FMA:62935"
<http://purl.obolibrary.org/obo/CL_0002064>	"CALOHA:TS-0737"
<http://purl.obolibrary.org/obo/CL_0002064>	"BTO:0000028"
<http://purl.obolibrary.org/obo/CL_0002064>	"FMA:63032"
<http://purl.obolibrary.org/obo/CL_1000495>	"FMA:86929"
<http://purl.obolibrary.org/obo/CL_0000988>	"FMA:70366"
<http://purl.obolibrary.org/obo/CL_0000988>	"FMA:83598"
<http://purl.obolibrary.org/obo/CL_0000988>	"BTO:0000574"
<http://purl.obolibrary.org/obo/CL_0000988>	"CALOHA:TS-2017"
<http://purl.obolibrary.org/obo/CL_0002138>	"FMA:68458"
<http://purl.obolibrary.org/obo/CL_0002138>	"BTO:0004167"
<http://purl.obolibrary.org/obo/CL_0002539>	"BTO:0004577"
<http://purl.obolibrary.org/obo/CL_0000584>	"BTO:0000398"
<http://purl.obolibrary.org/obo/CL_0000584>	"MESH:D020895"
<http://purl.obolibrary.org/obo/CL_0000584>	"FMA:62122"
<http://purl.obolibrary.org/obo/CL_4023017>	"ILX:0770152"
<http://purl.obolibrary.org/obo/CL_0000839>	"CALOHA:TS-2099"
<http://purl.obolibrary.org/obo/CL_0000839>	"FMA:70339"
<http://purl.obolibrary.org/obo/CL_0000839>	"BTO:0004730"
<http://purl.obolibrary.org/obo/CL_0009092>	"EFO:0010708"
<http://purl.obolibrary.org/obo/CL_0000501>	"FMA:18718"
<http://purl.obolibrary.org/obo/CL_0000501>	"CALOHA:TS-0729"
<http://purl.obolibrary.org/obo/CL_0000501>	"BTO:0000542"
<http://purl.obolibrary.org/obo/CL_0000817>	"CALOHA:TS-0819"
<http://purl.obolibrary.org/obo/CL_0000817>	"BTO:0001133"
<http://purl.obolibrary.org/obo/CL_0000185>	"BTO:0002309"
<http://purl.obolibrary.org/obo/CL_0000185>	"FMA:67799"
<http://purl.obolibrary.org/obo/CL_0000185>	"CALOHA:TS-2379"
<http://purl.obolibrary.org/obo/CL_0002189>	"FMA:70543"
<http://purl.obolibrary.org/obo/CL_0001031>	"BTO:0004278"
<http://purl.obolibrary.org/obo/CL_0000234>	"BTO:0001044"
<http://purl.obolibrary.org/obo/CL_0000234>	"MESH:D010586"
<http://purl.obolibrary.org/obo/CL_0000234>	"FMA:83806"
<http://purl.obolibrary.org/obo/CL_0000003>	"CARO:0000013"
<http://purl.obolibrary.org/obo/CL_0002085>	"FMA:54560"
<http://purl.obolibrary.org/obo/CL_0002085>	"BTO:0001953"
<http://purl.obolibrary.org/obo/CL_0002326>	"FMA:73280"
<http://purl.obolibrary.org/obo/CL_0000233>	"CALOHA:TS-0803"
<http://purl.obolibrary.org/obo/CL_0000233>	"FMA:62851"
<http://purl.obolibrary.org/obo/CL_0000233>	"BTO:0000132"
<http://purl.obolibrary.org/obo/CL_0000764>	"FMA:83516"
<http://purl.obolibrary.org/obo/CL_0000764>	"FMA:62845"
<http://purl.obolibrary.org/obo/CL_0000764>	"CALOHA:TS-0290"
<http://purl.obolibrary.org/obo/CL_0002304>	"FMA:70607"
<http://purl.obolibrary.org/obo/CL_0000442>	"MESH:D020566"
<http://purl.obolibrary.org/obo/CL_0000442>	"FMA:83037"
<http://purl.obolibrary.org/obo/CL_0000442>	"BTO:0004267"
<http://purl.obolibrary.org/obo/CL_0002207>	"FMA:263224"
<http://purl.obolibrary.org/obo/CL_0002320>	"MESH:D003239"
<http://purl.obolibrary.org/obo/CL_0002320>	"FMA:63875"
<http://purl.obolibrary.org/obo/CL_0002320>	"CALOHA:TS-2096"
<http://purl.obolibrary.org/obo/CL_1000615>	"KUPO:0001024"
<http://purl.obolibrary.org/obo/CL_0000114>	"FMA:72552"
<http://purl.obolibrary.org/obo/CL_1001131>	"KUPO:0001074"
<http://purl.obolibrary.org/obo/CL_0002193>	"FMA:83525"
<http://purl.obolibrary.org/obo/CL_0002193>	"BTO:0000734"
<http://purl.obolibrary.org/obo/CL_1000296>	"FMA:256165"
<http://purl.obolibrary.org/obo/CL_0002371>	"FMA:72300"
<http://purl.obolibrary.org/obo/CL_0002371>	"BTO:0001268"
<http://purl.obolibrary.org/obo/CL_0002371>	"WBbt:0008378"
<http://purl.obolibrary.org/obo/CL_0000031>	"FMA:70563"
<http://purl.obolibrary.org/obo/CL_0000031>	"BTO:0000930"
<http://purl.obolibrary.org/obo/CL_0000644>	"FMA:54559"
<http://purl.obolibrary.org/obo/CL_0002258>	"FMA:68782"
<http://purl.obolibrary.org/obo/CL_0002258>	"BTO:0003736"
<http://purl.obolibrary.org/obo/CL_0002258>	"CALOHA:TS-1285"
<http://purl.obolibrary.org/obo/CL_1000452>	"KUPO:0001035"
<http://purl.obolibrary.org/obo/CL_1000452>	"FMA:70968"
<http://purl.obolibrary.org/obo/CL_0000910>	"CALOHA:TS-0190"
<http://purl.obolibrary.org/obo/CL_0000910>	"BTO:0000289"
<http://purl.obolibrary.org/obo/CL_0000910>	"FMA:70573"
<http://purl.obolibrary.org/obo/CL_0002591>	"BTO:0003336"
<http://purl.obolibrary.org/obo/CL_0000319>	"BTO:0003689"
<http://purl.obolibrary.org/obo/CL_0002236>	"FMA:74226"
<http://purl.obolibrary.org/obo/CL_0000135>	"FMA:63879"
<http://purl.obolibrary.org/obo/CL_1000413>	"KUPO:0001095"
<http://purl.obolibrary.org/obo/CL_1000413>	"BTO:0004758"
<http://purl.obolibrary.org/obo/CL_1000413>	"FMA:67761"
<http://purl.obolibrary.org/obo/CL_0002453>	"MESH:D000073637"
<http://purl.obolibrary.org/obo/CL_0000775>	"MESH:D009504"
<http://purl.obolibrary.org/obo/CL_0000775>	"CALOHA:TS-0688"
<http://purl.obolibrary.org/obo/CL_0000775>	"BTO:0000130"
<http://purl.obolibrary.org/obo/CL_0000775>	"FMA:62860"
<http://purl.obolibrary.org/obo/CL_0000121>	"BTO:0001011"
<http://purl.obolibrary.org/obo/CL_0000121>	"CALOHA:TS-0845"
<http://purl.obolibrary.org/obo/CL_0000121>	"FMA:67969"
<http://purl.obolibrary.org/obo/CL_0001066>	"BTO:0004911"
<http://purl.obolibrary.org/obo/CL_0000706>	"FMA:70549"
<http://purl.obolibrary.org/obo/CL_1001033>	"KUPO:0001065"
<http://purl.obolibrary.org/obo/CL_0000134>	"FMA:70546"
<http://purl.obolibrary.org/obo/CL_0000134>	"BTO:0003298"
<http://purl.obolibrary.org/obo/CL_0000134>	"BTO:0002625"
<http://purl.obolibrary.org/obo/CL_0002131>	"FMA:83109"
<http://purl.obolibrary.org/obo/CL_0002496>	"MESH:D000075942"
<http://purl.obolibrary.org/obo/CL_0000126>	"CALOHA:TS-2027"
<http://purl.obolibrary.org/obo/CL_0000126>	"BTO:0000771"
<http://purl.obolibrary.org/obo/CL_0000126>	"FMA:54538"
<http://purl.obolibrary.org/obo/CL_0000164>	"MESH:D019858"
<http://purl.obolibrary.org/obo/CL_0000164>	"FMA:62930"
<http://purl.obolibrary.org/obo/CL_0000164>	"BTO:0003865"
<http://purl.obolibrary.org/obo/CL_0000150>	"FMA:86494"
<http://purl.obolibrary.org/obo/CL_0000150>	"CALOHA:TS-2085"
<http://purl.obolibrary.org/obo/CL_0000037>	"CALOHA:TS-0448"
<http://purl.obolibrary.org/obo/CL_0000037>	"VHOG:0001485"
<http://purl.obolibrary.org/obo/CL_0000037>	"BTO:0000725"
<http://purl.obolibrary.org/obo/CL_0000037>	"MESH:D006412"
<http://purl.obolibrary.org/obo/CL_0000037>	"FMA:86475"
<http://purl.obolibrary.org/obo/CL_0002410>	"MESH:D058954"
<http://purl.obolibrary.org/obo/CL_0002278>	"FMA:62942"
<http://purl.obolibrary.org/obo/CL_1001285>	"KUPO:0001071"
<http://purl.obolibrary.org/obo/CL_0000782>	"BTO:0004721"
<http://purl.obolibrary.org/obo/CL_4023011>	"ILX:0770149"
<http://purl.obolibrary.org/obo/CL_0002129>	"FMA:83108"
<http://purl.obolibrary.org/obo/CL_2000032>	"FMA:84664"
<http://purl.obolibrary.org/obo/CL_0000155>	"FMA:62902"
<http://purl.obolibrary.org/obo/CL_1000768>	"KUPO:0001058"
<http://purl.obolibrary.org/obo/CL_1001430>	"KUPO:0001124"
<http://purl.obolibrary.org/obo/CL_0002145>	"FMA:70542"
<http://purl.obolibrary.org/obo/CL_1000353>	"FMA:263128"
<http://purl.obolibrary.org/obo/CL_0002063>	"BTO:0000538"
<http://purl.obolibrary.org/obo/CL_0002063>	"FMA:62501"
<http://purl.obolibrary.org/obo/CL_0002368>	"BTO:0004533"
<http://purl.obolibrary.org/obo/CL_0002280>	"FMA:62943"
<http://purl.obolibrary.org/obo/CL_1000487>	"FMA:84583"
<http://purl.obolibrary.org/obo/CL_0000171>	"FMA:70585"
<http://purl.obolibrary.org/obo/CL_0000171>	"BTO:0000990"
<http://purl.obolibrary.org/obo/CL_0000171>	"MESH:D050416"
<http://purl.obolibrary.org/obo/CL_0000893>	"MESH:D060168"
<http://purl.obolibrary.org/obo/CL_0000893>	"CALOHA:TS-1042"
<http://purl.obolibrary.org/obo/CL_0000893>	"BTO:0001372"
<http://purl.obolibrary.org/obo/CL_0000893>	"XAO:0003159"
<http://purl.obolibrary.org/obo/CL_0000893>	"FMA:72202"
<http://purl.obolibrary.org/obo/CL_0000838>	"CALOHA:TS-2025"
<http://purl.obolibrary.org/obo/CL_0000838>	"FMA:70338"
<http://purl.obolibrary.org/obo/CL_0000838>	"BTO:0004731"
<http://purl.obolibrary.org/obo/CL_0002062>	"FMA:62500"
<http://purl.obolibrary.org/obo/CL_0002062>	"BTO:0000780"
<http://purl.obolibrary.org/obo/CL_0002293>	"CALOHA:TS-1040"
<http://purl.obolibrary.org/obo/CL_0002293>	"FMA:72208"
<http://purl.obolibrary.org/obo/CL_0002188>	"FMA:70970"
<http://purl.obolibrary.org/obo/CL_0002188>	"BTO:0004632"
<http://purl.obolibrary.org/obo/CL_0010003>	"MESH:D056809"
<http://purl.obolibrary.org/obo/CL_1001096>	"KUPO:0001039"
<http://purl.obolibrary.org/obo/CL_0000169>	"EV:0200009"
<http://purl.obolibrary.org/obo/CL_0000169>	"ncithesaurus:Beta_Cell"
<http://purl.obolibrary.org/obo/CL_0000169>	"MA:0002419"
<http://purl.obolibrary.org/obo/CL_0000169>	"BTO:0000783"
<http://purl.obolibrary.org/obo/CL_0000169>	"FMA:70586"
<http://purl.obolibrary.org/obo/CL_1001109>	"KUPO:0001052"
<http://purl.obolibrary.org/obo/CL_1000305>	"FMA:261283"
<http://purl.obolibrary.org/obo/CL_1000447>	"FMA:70731"
<http://purl.obolibrary.org/obo/CL_4023038>	"ILX:0770163"
<http://purl.obolibrary.org/obo/CL_0000636>	"BTO:0003064"
<http://purl.obolibrary.org/obo/CL_0002553>	"CALOHA:TS-0575"
<http://purl.obolibrary.org/obo/CL_0002553>	"BTO:0000764"
<http://purl.obolibrary.org/obo/CL_0002187>	"FMA:70571"
<http://purl.obolibrary.org/obo/CL_0000119>	"MESH:D000080906"
<http://purl.obolibrary.org/obo/CL_0000232>	"FMA:81100"
<http://purl.obolibrary.org/obo/CL_0000232>	"CALOHA:TS-0290"
<http://purl.obolibrary.org/obo/CL_0000232>	"BTO:0000424"
<http://purl.obolibrary.org/obo/CL_0000622>	"MESH:D061354"
<http://purl.obolibrary.org/obo/CL_0000622>	"FMA:83625"
<http://purl.obolibrary.org/obo/CL_0002657>	"FMA:86548"
<http://purl.obolibrary.org/obo/CL_1000494>	"KUPO:0001022"
<http://purl.obolibrary.org/obo/CL_1000494>	"FMA:86785"
<http://purl.obolibrary.org/obo/CL_1000510>	"KUPO:0001023"
<http://purl.obolibrary.org/obo/CL_0000001>	"BTO:0002290"
<http://purl.obolibrary.org/obo/CL_0000583>	"BTO:0000802"
<http://purl.obolibrary.org/obo/CL_0000583>	"CALOHA:TS-0030"
<http://purl.obolibrary.org/obo/CL_0000583>	"FMA:83023"
<http://purl.obolibrary.org/obo/CL_0002179>	"FMA:86552"
<http://purl.obolibrary.org/obo/CL_4023016>	"ILX:0770151"
<http://purl.obolibrary.org/obo/CL_0000514>	"FMA:84798"
<http://purl.obolibrary.org/obo/CL_1000334>	"FMA:263086"
<http://purl.obolibrary.org/obo/CL_0000861>	"FMA:84643"
<http://purl.obolibrary.org/obo/CL_0000861>	"FMA:84645"
<http://purl.obolibrary.org/obo/CL_1000279>	"FMA:15653"
<http://purl.obolibrary.org/obo/CL_0000575>	"FMA:70551"
<http://purl.obolibrary.org/obo/CL_0000575>	"CALOHA:TS-0173"
<http://purl.obolibrary.org/obo/CL_0000575>	"BTO:0004298"
<http://purl.obolibrary.org/obo/CL_0000492>	"CALOHA:TS-1146"
<http://purl.obolibrary.org/obo/CL_0000492>	"FMA:70572"
<http://purl.obolibrary.org/obo/CL_1000454>	"FMA:70982"
<http://purl.obolibrary.org/obo/CL_1000454>	"KUPO:0001059"
<http://purl.obolibrary.org/obo/CL_0002617>	"CALOHA:TS-2377"
<http://purl.obolibrary.org/obo/CL_0002325>	"FMA:79866"
<http://purl.obolibrary.org/obo/CL_0002325>	"FMA:74506"
<http://purl.obolibrary.org/obo/CL_0002243>	"FMA:70611"
<http://purl.obolibrary.org/obo/CL_0000015>	"ncithesaurus:Spermatogenic_Cell"
<http://purl.obolibrary.org/obo/CL_0000015>	"MA:0002765"
<http://purl.obolibrary.org/obo/CL_0000015>	"VHOG:0001531"
<http://purl.obolibrary.org/obo/CL_0000015>	"FMA:72290"
<http://purl.obolibrary.org/obo/CL_1001016>	"KUPO:0001048"
<http://purl.obolibrary.org/obo/CL_1000698>	"KUPO:0001109"
<http://purl.obolibrary.org/obo/CL_0002097>	"FMA:69545"
<http://purl.obolibrary.org/obo/CL_0000120>	"BTO:0003393"
<http://purl.obolibrary.org/obo/CL_1000348>	"FMA:263118"
<http://purl.obolibrary.org/obo/CL_0002094>	"FMA:18709"
<http://purl.obolibrary.org/obo/CL_1001589>	"CALOHA:TS-1275"
<http://purl.obolibrary.org/obo/CL_1000331>	"FMA:263080"
<http://purl.obolibrary.org/obo/CL_0000498>	"FMA:84776"
<http://purl.obolibrary.org/obo/CL_1001045>	"KUPO:0001077"
<http://purl.obolibrary.org/obo/CL_1001319>	"KUPO:0001120"
<http://purl.obolibrary.org/obo/CL_1001597>	"CALOHA:TS-1283"
<http://purl.obolibrary.org/obo/CL_0000670>	"FMA:70567"
<http://purl.obolibrary.org/obo/CL_0000049>	"BTO:0004730"
<http://purl.obolibrary.org/obo/CL_0000162>	"BTO:0001780"
<http://purl.obolibrary.org/obo/CL_0000162>	"FMA:62901"
<http://purl.obolibrary.org/obo/CL_0002518>	"KUPO:0001019"
<http://purl.obolibrary.org/obo/CL_1001318>	"KUPO:0001104"
<http://purl.obolibrary.org/obo/CL_0002622>	"BTO:0003972"
<http://purl.obolibrary.org/obo/CL_1000849>	"KUPO:0001056"
<http://purl.obolibrary.org/obo/CL_0002144>	"CALOHA:TS-0112"
<http://purl.obolibrary.org/obo/CL_0002144>	"BTO:0004956"
<http://purl.obolibrary.org/obo/CL_0002144>	"FMA:67756"
<http://purl.obolibrary.org/obo/CL_0000065>	"FMA:70550"
<http://purl.obolibrary.org/obo/CL_0000065>	"BTO:0001724"
<http://purl.obolibrary.org/obo/CL_0019022>	"EFO:0010706"
<http://purl.obolibrary.org/obo/CL_0000545>	"FMA:84382"
<http://purl.obolibrary.org/obo/CL_0000545>	"BTO:0001678"
<http://purl.obolibrary.org/obo/CL_0000210>	"FMA:86740"
<http://purl.obolibrary.org/obo/CL_0000210>	"CALOHA:TS-0868"
<http://purl.obolibrary.org/obo/CL_0000210>	"BTO:0001060"
<http://purl.obolibrary.org/obo/CL_0002157>	"FMA:86495"
<http://purl.obolibrary.org/obo/CL_0008002>	"MESH:D018485"
<http://purl.obolibrary.org/obo/CL_0000064>	"XAO:0000031"
<http://purl.obolibrary.org/obo/CL_0000064>	"VHOG:0001532"
<http://purl.obolibrary.org/obo/CL_0000113>	"BTO:0001433"
<http://purl.obolibrary.org/obo/CL_0000561>	"FMA:67766"
<http://purl.obolibrary.org/obo/CL_0000561>	"BTO:0004044"
<http://purl.obolibrary.org/obo/CL_0000553>	"BTO:0001164"
<http://purl.obolibrary.org/obo/CL_0000553>	"CALOHA:TS-0610"
<http://purl.obolibrary.org/obo/CL_0000553>	"MESH:D055016"
<http://purl.obolibrary.org/obo/CL_0000553>	"FMA:84235"
<http://purl.obolibrary.org/obo/CL_0000094>	"BTO:0000539"
<http://purl.obolibrary.org/obo/CL_0000094>	"CALOHA:TS-0422"
<http://purl.obolibrary.org/obo/CL_0000094>	"FMA:62854"
<http://purl.obolibrary.org/obo/CL_0000094>	"BTO:0001026"
<http://purl.obolibrary.org/obo/CL_0000138>	"BTO:0000249"
<http://purl.obolibrary.org/obo/CL_0000138>	"FMA:66782"
<http://purl.obolibrary.org/obo/CL_0000138>	"CALOHA:TS-0138"
<http://purl.obolibrary.org/obo/CL_0002277>	"FMA:62937"
<http://purl.obolibrary.org/obo/CL_0000322>	"FMA:62499"
<http://purl.obolibrary.org/obo/CL_0000322>	"CALOHA:TS-2168"
<http://purl.obolibrary.org/obo/CL_0000322>	"BTO:0000395"
<http://purl.obolibrary.org/obo/CL_1000312>	"FMA:263032"
<http://purl.obolibrary.org/obo/CL_1000597>	"KUPO:0001112"
<http://purl.obolibrary.org/obo/CL_0009005>	"http://en.wikipedia.org/wiki/Salivary_gland"
<http://purl.obolibrary.org/obo/CL_0009005>	"GOC:pr"
<http://purl.obolibrary.org/obo/CL_1001108>	"KUPO:0001051"
<http://purl.obolibrary.org/obo/CL_0002422>	"FMA:66785"
<http://purl.obolibrary.org/obo/CL_0002422>	"CALOHA:TS-0864"
<http://purl.obolibrary.org/obo/CL_1000432>	"FMA:70552"
<http://purl.obolibrary.org/obo/CL_0000794>	"CALOHA:TS-0190"
<http://purl.obolibrary.org/obo/CL_0005010>	"FMA:86560"
<http://purl.obolibrary.org/obo/CL_1001225>	"Wikipedia:Kidney_collecting_duct_cell"
<http://purl.obolibrary.org/obo/CL_1001225>	"KUPO:0001012"
<http://purl.obolibrary.org/obo/CL_0002303>	"FMA:70606"
<http://purl.obolibrary.org/obo/CL_4023015>	"ILX:0770150"
<http://purl.obolibrary.org/obo/CL_0000837>	"BTO:0000725"
<http://purl.obolibrary.org/obo/CL_0000837>	"CALOHA:TS-0448"
<http://purl.obolibrary.org/obo/CL_0000216>	"BTO:0001238"
<http://purl.obolibrary.org/obo/CL_0000216>	"FMA:72298"
<http://purl.obolibrary.org/obo/CL_0000216>	"CALOHA:TS-0922"
<http://purl.obolibrary.org/obo/CL_0000216>	"VHOG:0001348"
<http://purl.obolibrary.org/obo/CL_1001106>	"KUPO:0001049"
<http://purl.obolibrary.org/obo/CL_0000513>	"FMA:84797"
<http://purl.obolibrary.org/obo/CL_4023036>	"ILX:0107356"
<http://purl.obolibrary.org/obo/CL_1000326>	"FMA:263067"
<http://purl.obolibrary.org/obo/CL_2000060>	"BTO:0006119"
<http://purl.obolibrary.org/obo/CL_2000060>	"BTO:0006208"
<http://purl.obolibrary.org/obo/CL_1000703>	"KUPO:0001114"
<http://purl.obolibrary.org/obo/CL_0001064>	"https://ncit.nci.nih.gov/ncitbrowser/ConceptReport.jsp?dictionary=NCI_Thesaurus&code=C12917"
<http://purl.obolibrary.org/obo/CL_0002088>	"BTO:0003914"
<http://purl.obolibrary.org/obo/CL_0002088>	"FMA:86573"
<http://purl.obolibrary.org/obo/CL_0002250>	"FMA:63379"
<http://purl.obolibrary.org/obo/CL_0000649>	"FMA:69059"
<http://purl.obolibrary.org/obo/CL_0002324>	"FMA:67800"
<http://purl.obolibrary.org/obo/CL_0002324>	"CALOHA:TS-2378"
<http://purl.obolibrary.org/obo/CL_0000696>	"FMA:83409"
<http://purl.obolibrary.org/obo/CL_0000696>	"FMA:62938"
<http://purl.obolibrary.org/obo/CL_0002480>	"MP:0002262"
<http://purl.obolibrary.org/obo/CL_1000347>	"FMA:263114"
<http://purl.obolibrary.org/obo/CL_4023043>	"ILX:0770161"
<http://purl.obolibrary.org/obo/CL_1000278>	"FMA:15066"
<http://purl.obolibrary.org/obo/CL_0002241>	"FMA:84467"
<http://purl.obolibrary.org/obo/CL_1000330>	"FMA:263078"
<http://purl.obolibrary.org/obo/CL_0002191>	"FMA:83519"
<http://purl.obolibrary.org/obo/CL_0000453>	"CALOHA:TS-2375"
<http://purl.obolibrary.org/obo/CL_0000453>	"BTO:0000705"
<http://purl.obolibrary.org/obo/CL_0000453>	"FMA:63072"
<http://purl.obolibrary.org/obo/CL_0000453>	"MESH:D007801"
<http://purl.obolibrary.org/obo/CL_1000500>	"KUPO:0001013"
<http://purl.obolibrary.org/obo/CL_0000021>	"ncithesaurus:Egg"
<http://purl.obolibrary.org/obo/CL_0000021>	"VHOG:0001530"
<http://purl.obolibrary.org/obo/CL_0000021>	"MA:0000388"
<http://purl.obolibrary.org/obo/CL_0002366>	"BTO:0004519"
<http://purl.obolibrary.org/obo/CL_1000450>	"KUPO:0001034"
<http://purl.obolibrary.org/obo/CL_1000450>	"FMA:70966"
<http://purl.obolibrary.org/obo/CL_0000669>	"FMA:63174"
<http://purl.obolibrary.org/obo/CL_0000669>	"BTO:0002441"
<http://purl.obolibrary.org/obo/CL_0002586>	"FMA:75802"
<http://purl.obolibrary.org/obo/CL_0002586>	"BTO:0004910"
<http://purl.obolibrary.org/obo/CL_0000990>	"FMA:84191"
<http://purl.obolibrary.org/obo/CL_0002151>	"FMA:83534"
<http://purl.obolibrary.org/obo/CL_0000547>	"FMA:83518"
<http://purl.obolibrary.org/obo/CL_1000493>	"FMA:86739"
<http://purl.obolibrary.org/obo/CL_0019021>	"EFO:0010705"
<http://purl.obolibrary.org/obo/CL_0000132>	"FMA:70614"
<http://purl.obolibrary.org/obo/CL_0000132>	"CALOHA:TS-0172"
<http://purl.obolibrary.org/obo/CL_0000786>	"MESH:D010950"
<http://purl.obolibrary.org/obo/CL_0000786>	"FMA:70574"
<http://purl.obolibrary.org/obo/CL_0000786>	"BTO:0000392"
<http://purl.obolibrary.org/obo/CL_1000850>	"KUPO:0001057"
<http://purl.obolibrary.org/obo/CL_0002268>	"FMA:63418"
<http://purl.obolibrary.org/obo/CL_0000313>	"FMA:62511"
<http://purl.obolibrary.org/obo/CL_0000313>	"BTO:0003687"
<http://purl.obolibrary.org/obo/CL_0002620>	"CALOHA:TS-0935"
<http://purl.obolibrary.org/obo/CL_0002620>	"BTO:0001255"
<http://purl.obolibrary.org/obo/CL_0000815>	"FMA:84070"
<http://purl.obolibrary.org/obo/CL_0000815>	"MESH:D050378"
<http://purl.obolibrary.org/obo/CL_0000815>	"BTO:0004520"
<http://purl.obolibrary.org/obo/CL_0002149>	"FMA:256161"
<http://purl.obolibrary.org/obo/CL_0000653>	"FMA:70967"
<http://purl.obolibrary.org/obo/CL_0000653>	"BTO:0002295"
<http://purl.obolibrary.org/obo/CL_0009095>	"EFO:0010711"
<http://purl.obolibrary.org/obo/CL_1000304>	"FMA:261281"
<http://purl.obolibrary.org/obo/CL_0000573>	"FMA:67748"
<http://purl.obolibrary.org/obo/CL_0000573>	"CALOHA:TS-0866"
<http://purl.obolibrary.org/obo/CL_0000573>	"BTO:0001036"
<http://purl.obolibrary.org/obo/CL_0009089>	"EFO:0010669"
<http://purl.obolibrary.org/obo/CL_0002544>	"CALOHA:TS-0047"
<http://purl.obolibrary.org/obo/CL_0002544>	"BTO:0003245"
<http://purl.obolibrary.org/obo/CL_0000682>	"BTO:0003600"
<http://purl.obolibrary.org/obo/CL_0000682>	"FMA:62929"
<http://purl.obolibrary.org/obo/CL_0000092>	"FMA:66781"
<http://purl.obolibrary.org/obo/CL_0000092>	"BTO:0000968"
<http://purl.obolibrary.org/obo/CL_0000092>	"MESH:D010010"
<http://purl.obolibrary.org/obo/CL_0000092>	"CALOHA:TS-0721"
<http://purl.obolibrary.org/obo/CL_0002275>	"MESH:D050418"
<http://purl.obolibrary.org/obo/CL_0002275>	"BTO:0000805"
<http://purl.obolibrary.org/obo/CL_0002275>	"FMA:70588"
<http://purl.obolibrary.org/obo/CL_0000836>	"FMA:83530"
<http://purl.obolibrary.org/obo/CL_0000836>	"CALOHA:TS-0825"
<http://purl.obolibrary.org/obo/CL_1000892>	"KUPO:0001030"
<http://purl.obolibrary.org/obo/CL_1001603>	"CALOHA:TS-0576"
<http://purl.obolibrary.org/obo/CL_0000166>	"FMA:69263"
<http://purl.obolibrary.org/obo/CL_0000166>	"BTO:0000259"
<http://purl.obolibrary.org/obo/CL_1000309>	"FMA:261293"
<http://purl.obolibrary.org/obo/CL_0000432>	"FMA:62877"
<http://purl.obolibrary.org/obo/CL_0000740>	"BTO:0001800"
<http://purl.obolibrary.org/obo/CL_0000740>	"FMA:67765"
<http://purl.obolibrary.org/obo/CL_0000740>	"MESH:D012165"
<http://purl.obolibrary.org/obo/CL_0000077>	"FMA:66773"
<http://purl.obolibrary.org/obo/CL_0000182>	"BTO:0000575"
<http://purl.obolibrary.org/obo/CL_0000182>	"CALOHA:TS-0454"
<http://purl.obolibrary.org/obo/CL_0000182>	"FMA:14515"
<http://purl.obolibrary.org/obo/CL_0002543>	"KUPO:0001099"
<http://purl.obolibrary.org/obo/CL_0002543>	"FMA:62104"
<http://purl.obolibrary.org/obo/CL_0000222>	"FMA:72554"
<http://purl.obolibrary.org/obo/CL_1000311>	"FMA:261300"
<http://purl.obolibrary.org/obo/CL_0002573>	"BTO:0001220"
<http://purl.obolibrary.org/obo/CL_0002573>	"CALOHA:TS-0898"
<http://purl.obolibrary.org/obo/CL_0002573>	"MESH:D012583"
<http://purl.obolibrary.org/obo/CL_4023051>	"ILX:0770143"
<http://purl.obolibrary.org/obo/CL_1001107>	"KUPO:0001050"
<http://purl.obolibrary.org/obo/CL_0000604>	"FMA:67747"
<http://purl.obolibrary.org/obo/CL_0000604>	"CALOHA:TS-0870"
<http://purl.obolibrary.org/obo/CL_0000604>	"BTO:0001024"
<http://purl.obolibrary.org/obo/CL_0002204>	"FMA:67978"
<http://purl.obolibrary.org/obo/CL_0000738>	"BTO:0000751"
<http://purl.obolibrary.org/obo/CL_0000738>	"FMA:62852"
<http://purl.obolibrary.org/obo/CL_0000738>	"MESH:D007962"
<http://purl.obolibrary.org/obo/CL_0000738>	"NCIT:C12529"
<http://purl.obolibrary.org/obo/CL_0000738>	"CALOHA:TS-0549"
<http://purl.obolibrary.org/obo/CL_1000299>	"FMA:261271"
<http://purl.obolibrary.org/obo/CL_0000103>	"FMA:67282"
<http://purl.obolibrary.org/obo/CL_1000458>	"FMA:72144"
<http://purl.obolibrary.org/obo/CL_1000458>	"CALOHA:TS-2374"
<http://purl.obolibrary.org/obo/CL_4023050>	"ILX:0770158"
<http://purl.obolibrary.org/obo/CL_0002322>	"MESH:D053595"
<http://purl.obolibrary.org/obo/CL_0002322>	"CALOHA:TS-0263"
<http://purl.obolibrary.org/obo/CL_0002322>	"BTO:0001086"
<http://purl.obolibrary.org/obo/CL_0002322>	"FMA:82841"
<http://purl.obolibrary.org/obo/CL_0000864>	"FMA:84644"
<http://purl.obolibrary.org/obo/CL_0000864>	"FMA:84642"
<http://purl.obolibrary.org/obo/CL_0000751>	"FMA:67750"
<http://purl.obolibrary.org/obo/CL_0002071>	"FMA:63638"
<http://purl.obolibrary.org/obo/CL_0002071>	"FMA:66771"
<http://purl.obolibrary.org/obo/CL_0002071>	"BTO:0002484"
<http://purl.obolibrary.org/obo/CL_0000767>	"FMA:62862"
<http://purl.obolibrary.org/obo/CL_0000767>	"CALOHA:TS-0073"
<http://purl.obolibrary.org/obo/CL_0000767>	"BTO:0000129"
<http://purl.obolibrary.org/obo/CL_0000097>	"BTO:0000830"
<http://purl.obolibrary.org/obo/CL_0000097>	"FMA:66784"
<http://purl.obolibrary.org/obo/CL_0000097>	"CALOHA:TS-0603"
<http://purl.obolibrary.org/obo/CL_0001063>	"https://ncit.nci.nih.gov/ncitbrowser/ConceptReport.jsp?dictionary=NCI_Thesaurus&code=C12922"
<http://purl.obolibrary.org/obo/CL_0000586>	"WBbt:0006796"
<http://purl.obolibrary.org/obo/CL_0000586>	"VHOG:0001534"
<http://purl.obolibrary.org/obo/CL_0000586>	"NCIT:C12597"
<http://purl.obolibrary.org/obo/CL_0000586>	"BTO:0000535"
<http://purl.obolibrary.org/obo/CL_0000525>	"FMA:83043"
<http://purl.obolibrary.org/obo/CL_1001111>	"KUPO:0001054"
<http://purl.obolibrary.org/obo/CL_0000912>	"BTO:0002417"
<http://purl.obolibrary.org/obo/CL_0000912>	"MESH:D006377"
<http://purl.obolibrary.org/obo/CL_0002224>	"FMA:67559"
<http://purl.obolibrary.org/obo/CL_0002262>	"FMA:63134"
<http://purl.obolibrary.org/obo/CL_1001428>	"NCIT:C32210"
<http://purl.obolibrary.org/obo/CL_1001428>	"KUPO:0001121"
<http://purl.obolibrary.org/obo/CL_0002254>	"FMA:256159"
<http://purl.obolibrary.org/obo/CL_0002092>	"MESH:D001854"
<http://purl.obolibrary.org/obo/CL_0002092>	"FMA:83621"
<http://purl.obolibrary.org/obo/CL_0002092>	"BTO:0004850"
<http://purl.obolibrary.org/obo/CL_0002328>	"BTO:0002922"
<http://purl.obolibrary.org/obo/CL_1000343>	"FMA:263104"
<http://purl.obolibrary.org/obo/CL_0000546>	"MESH:D018418"
<http://purl.obolibrary.org/obo/CL_0000546>	"FMA:84385"
<http://purl.obolibrary.org/obo/CL_0000546>	"BTO:0001679"
<http://purl.obolibrary.org/obo/CL_0002503>	"FMA:84639"
<http://purl.obolibrary.org/obo/CL_0002503>	"BTO:0002441"
<http://purl.obolibrary.org/obo/CL_0000771>	"CALOHA:TS-0279"
<http://purl.obolibrary.org/obo/CL_0000771>	"FMA:62861"
<http://purl.obolibrary.org/obo/CL_0000771>	"BTO:0000399"
<http://purl.obolibrary.org/obo/CL_0000771>	"MESH:D004804"
<http://purl.obolibrary.org/obo/CL_0002253>	"BTO:0004297"
<http://purl.obolibrary.org/obo/CL_0002253>	"FMA:256157"
<http://purl.obolibrary.org/obo/CL_0002365>	"BTO:0004563"
<http://purl.obolibrary.org/obo/CL_1000342>	"FMA:263102"
<http://purl.obolibrary.org/obo/CL_0000559>	"FMA:83551"
<http://purl.obolibrary.org/obo/CL_0000559>	"BTO:0004657"
<http://purl.obolibrary.org/obo/CL_1000491>	"FMA:86737"
<http://purl.obolibrary.org/obo/CL_0000899>	"MESH:D058504"
<http://purl.obolibrary.org/obo/CL_0000055>	"FMA:84782"
<http://purl.obolibrary.org/obo/CL_0000055>	"BTO:0000125"
<http://purl.obolibrary.org/obo/CL_0000129>	"BTO:0000962"
<http://purl.obolibrary.org/obo/CL_0000129>	"BTO:0000078"
<http://purl.obolibrary.org/obo/CL_0000129>	"FMA:54539"
<http://purl.obolibrary.org/obo/CL_0000160>	"http://en.wikipedia.org/wiki/Goblet_cell"
<http://purl.obolibrary.org/obo/CL_0000160>	"FMA:13148"
<http://purl.obolibrary.org/obo/CL_0000160>	"BTO:0001540"
<http://purl.obolibrary.org/obo/CL_0000209>	"FMA:67910"
<http://purl.obolibrary.org/obo/CL_0000047>	"CALOHA:TS-2360"
<http://purl.obolibrary.org/obo/CL_0000047>	"BTO:0002881"
<http://purl.obolibrary.org/obo/CL_0000047>	"FMA:86684"
<http://purl.obolibrary.org/obo/CL_0000813>	"BTO:0003435"
<http://purl.obolibrary.org/obo/CL_1000380>	"FMA:263190"
<http://purl.obolibrary.org/obo/CL_1000303>	"FMA:261279"
<http://purl.obolibrary.org/obo/CL_0002260>	"FMA:70547"
<http://purl.obolibrary.org/obo/CL_0002073>	"FMA:67142"
<http://purl.obolibrary.org/obo/CL_0000147>	"VHOG:0001678"
<http://purl.obolibrary.org/obo/CL_1000379>	"FMA:263188"
<http://purl.obolibrary.org/obo/CL_0000853>	"FMA:62302"
<http://purl.obolibrary.org/obo/CL_0000615>	"FAO:0000021"
<http://purl.obolibrary.org/obo/CL_0000615>	"BTO:0002166"
<http://purl.obolibrary.org/obo/CL_0000526>	"FMA:87653"
<http://purl.obolibrary.org/obo/CL_0002173>	"FMA:84143"
<http://purl.obolibrary.org/obo/CL_0002173>	"KUPO:0001033"
<http://purl.obolibrary.org/obo/CL_0002074>	"FMA:67111"
<http://purl.obolibrary.org/obo/CL_1000979>	"KUPO:0001118"
<http://purl.obolibrary.org/obo/CL_1000383>	"FMA:263196"
<http://purl.obolibrary.org/obo/CL_0001039>	"VSAO:0000116"
<http://purl.obolibrary.org/obo/CL_0000223>	"FMA:72555"
<http://purl.obolibrary.org/obo/CL_0002174>	"FMA:70589"
<http://purl.obolibrary.org/obo/CL_0002174>	"EMAPA:31247"
<http://purl.obolibrary.org/obo/CL_1000384>	"FMA:263198"
<http://purl.obolibrary.org/obo/CL_0002067>	"FMA:62939"
<http://purl.obolibrary.org/obo/CL_0000855>	"BTO:0004744"
<http://purl.obolibrary.org/obo/CL_0002068>	"FMA:14146"
<http://purl.obolibrary.org/obo/CL_0002068>	"BTO:0001032"
<http://purl.obolibrary.org/obo/CL_1001569>	"FMA:84777"
<http://purl.obolibrary.org/obo/CL_0002077>	"FMA:69074"
<http://purl.obolibrary.org/obo/CL_1000742>	"KUPO:0001032"
<http://purl.obolibrary.org/obo/CL_0002208>	"FMA:263226"
<http://purl.obolibrary.org/obo/CL_0000365>	"BTO:0000854"
<http://purl.obolibrary.org/obo/CL_0000365>	"EHDAA2:0004546"
<http://purl.obolibrary.org/obo/CL_0000365>	"FMA:72395"
<http://purl.obolibrary.org/obo/CL_0002316>	"FMA:75607"
<http://purl.obolibrary.org/obo/CL_0002209>	"FMA:69060"
<http://purl.obolibrary.org/obo/CL_0000060>	"FMA:62999"
<http://purl.obolibrary.org/obo/CL_0000060>	"MESH:D009804"
<http://purl.obolibrary.org/obo/CL_0000060>	"BTO:0001769"
<http://purl.obolibrary.org/obo/CL_0000060>	"CALOHA:TS-0696"
<http://purl.obolibrary.org/obo/CL_0002520>	"BTO:0004597"
<http://purl.obolibrary.org/obo/CL_0002369>	"MESH:D013172"
<http://purl.obolibrary.org/obo/CL_0000228>	"WBbt:0008074"
<http://purl.obolibrary.org/obo/CL_0000228>	"AEO:0000203"
<http://purl.obolibrary.org/obo/CL_0000652>	"FMA:83417"
<http://purl.obolibrary.org/obo/CL_0000652>	"BTO:0001068"
<http://purl.obolibrary.org/obo/CL_0009001>	"PMID:12021768"
<http://purl.obolibrary.org/obo/CL_0009001>	"GOC:pr"
<http://purl.obolibrary.org/obo/CL_0002153>	"BTO:0001943"
<http://purl.obolibrary.org/obo/CL_0002153>	"FMA:68650"
<http://purl.obolibrary.org/obo/CL_0000476>	"MESH:D052684"
<http://purl.obolibrary.org/obo/CL_0000476>	"FMA:83099"
<http://purl.obolibrary.org/obo/CL_1000410>	"FMA:67106"
<http://purl.obolibrary.org/obo/CL_0000654>	"FMA:18645"
<http://purl.obolibrary.org/obo/CL_0000654>	"BTO:0000512"
<http://purl.obolibrary.org/obo/CL_0000197>	"MESH:D011984"
<http://purl.obolibrary.org/obo/CL_0000098>	"BTO:0004301"
<http://purl.obolibrary.org/obo/CL_0002385>	"FAO:0000042"
<http://purl.obolibrary.org/obo/CL_0002385>	"BTO:0000127"
<http://purl.obolibrary.org/obo/CL_0000106>	"FMA:67278"
<http://purl.obolibrary.org/obo/CL_0000724>	"BTO:0000600"
<http://purl.obolibrary.org/obo/CL_0000607>	"FAO:0000020"
<http://purl.obolibrary.org/obo/CL_0000607>	"BTO:0000097"
<http://purl.obolibrary.org/obo/CL_0000214>	"CALOHA:TS-0995"
<http://purl.obolibrary.org/obo/CL_0000608>	"FAO:0000040"
<http://purl.obolibrary.org/obo/CL_0002387>	"FAO:0000041"
<http://purl.obolibrary.org/obo/CL_0002292>	"FMA:84186"
<http://purl.obolibrary.org/obo/CL_0002095>	"FMA:18710"
<http://purl.obolibrary.org/obo/CL_0000333>	"FMA:86667"
<http://purl.obolibrary.org/obo/CL_0000609>	"FMA:62351"
<http://purl.obolibrary.org/obo/CL_0002140>	"BTO:0004613"
<http://purl.obolibrary.org/obo/CL_0002140>	"FMA:70953"
<http://purl.obolibrary.org/obo/CL_0001040>	"VSAO:0000117"
<http://purl.obolibrary.org/obo/CL_0000221>	"FMA:72549"
<http://purl.obolibrary.org/obo/CL_0002294>	"FMA:72209"
<http://purl.obolibrary.org/obo/CL_0000247>	"AAO:0010316"
<http://purl.obolibrary.org/obo/CL_0000247>	"VHOG:0001484"
<http://purl.obolibrary.org/obo/CL_0000247>	"ZFA:0009150"
<http://purl.obolibrary.org/obo/CL_0000247>	"EFO:0003711"
<http://purl.obolibrary.org/obo/CL_0000218>	"FMA:62121"
<http://purl.obolibrary.org/obo/CL_0000218>	"CALOHA:TS-0898"
<http://purl.obolibrary.org/obo/CL_0002312>	"MESH:D052683"
<http://purl.obolibrary.org/obo/CL_0002312>	"FMA:83095"
<http://purl.obolibrary.org/obo/CL_0011003>	"ILX:0107463"
<http://purl.obolibrary.org/obo/CL_0000737>	"FMA:86936"
<http://purl.obolibrary.org/obo/CL_0000737>	"CALOHA:TS-2157"
<http://purl.obolibrary.org/obo/CL_0000737>	"BTO:0002916"
<http://purl.obolibrary.org/obo/CL_1001571>	"SAO:sao131261273"
<http://purl.obolibrary.org/obo/CL_1001571>	"NIFSTD:sao131261273"
<http://purl.obolibrary.org/obo/CL_0002199>	"FMA:69084"
<http://purl.obolibrary.org/obo/CL_0002072>	"BTO:0004190"
<http://purl.obolibrary.org/obo/CL_0002072>	"FMA:67101"
<http://purl.obolibrary.org/obo/CL_0002081>	"FMA:84187"
<http://purl.obolibrary.org/obo/CL_0000446>	"BTO:0004712"
<http://purl.obolibrary.org/obo/CL_0000446>	"FMA:69078"
<http://purl.obolibrary.org/obo/CL_0000446>	"CALOHA:TS-2140"
<http://purl.obolibrary.org/obo/CL_0000137>	"CALOHA:TS-1167"
<http://purl.obolibrary.org/obo/CL_0000137>	"BTO:0002038"
<http://purl.obolibrary.org/obo/CL_0000137>	"FMA:66779"
<http://purl.obolibrary.org/obo/CL_0000137>	"VSAO:0000124"
<http://purl.obolibrary.org/obo/CL_0002082>	"FMA:69322"
<http://purl.obolibrary.org/obo/CL_0002220>	"FMA:86575"
<http://purl.obolibrary.org/obo/CL_0000656>	"FMA:72292"
<http://purl.obolibrary.org/obo/CL_0000656>	"CALOHA:TS-2194"
<http://purl.obolibrary.org/obo/CL_0000656>	"BTO:0001115"
<http://purl.obolibrary.org/obo/CL_0000351>	"FMA:83028"
<http://purl.obolibrary.org/obo/CL_0000449>	"FMA:83435"
<http://purl.obolibrary.org/obo/CL_0000449>	"CALOHA:TS-0099"
<http://purl.obolibrary.org/obo/CL_0002083>	"FMA:69321"
<http://purl.obolibrary.org/obo/CL_1000409>	"FMA:67102"
<http://purl.obolibrary.org/obo/CL_0000601>	"FMA:62366"
<http://purl.obolibrary.org/obo/CL_0000601>	"BTO:0003666"
<http://purl.obolibrary.org/obo/CL_0000448>	"CALOHA:TS-1119"
<http://purl.obolibrary.org/obo/CL_0000448>	"FMA:83434"
<http://purl.obolibrary.org/obo/CL_0002494>	"FMA:83808"
<http://purl.obolibrary.org/obo/CL_0002494>	"BTO:0001539"
<http://purl.obolibrary.org/obo/CL_0002494>	"CALOHA:TS-0115"
<http://purl.obolibrary.org/obo/CL_0002494>	"FMA:84791"
<http://purl.obolibrary.org/obo/CL_0010017>	"MESH:D015053"
<http://purl.obolibrary.org/obo/CL_0000353>	"FMA:72551"
<http://purl.obolibrary.org/obo/CL_0000353>	"BTO:0001473"
<http://purl.obolibrary.org/obo/CL_0002248>	"MESH:D039904"
<http://purl.obolibrary.org/obo/CL_0002248>	"FMA:70570"
<http://purl.obolibrary.org/obo/CL_0000096>	"BTO:0003473"
<http://purl.obolibrary.org/obo/CL_0000354>	"ncithesaurus:Blastemal_Cell"
<http://purl.obolibrary.org/obo/CL_0002136>	"FMA:69547"
<http://purl.obolibrary.org/obo/CL_0002301>	"BTO:0003652"
<http://purl.obolibrary.org/obo/CL_0002301>	"FMA:66788"
<http://purl.obolibrary.org/obo/CL_0002137>	"FMA:69564"
<http://purl.obolibrary.org/obo/CL_1000306>	"FMA:261285"
<http://purl.obolibrary.org/obo/CL_0000723>	"MESH:D053687"
<http://purl.obolibrary.org/obo/CL_0000723>	"CALOHA:TS-2086"
<http://purl.obolibrary.org/obo/CL_0002418>	"MESH:D055018"
<http://purl.obolibrary.org/obo/CL_1000618>	"KUPO:0001028"
<http://purl.obolibrary.org/obo/CL_1000426>	"FMA:69794"
<http://purl.obolibrary.org/obo/CL_0000440>	"BTO:0002277"
<http://purl.obolibrary.org/obo/CL_1000427>	"FMA:69795"
<http://purl.obolibrary.org/obo/CL_0000058>	"BTO:0003607"
<http://purl.obolibrary.org/obo/CL_0000058>	"FMA:66783"
<http://purl.obolibrary.org/obo/CL_0000563>	"BTO:0002779"
<http://purl.obolibrary.org/obo/CL_0002240>	"FMA:84377"
<http://purl.obolibrary.org/obo/CL_0000059>	"FMA:70576"
<http://purl.obolibrary.org/obo/CL_0000059>	"BTO:0001663"
<http://purl.obolibrary.org/obo/CL_0000891>	"MESH:D005487"
<http://purl.obolibrary.org/obo/CL_0000891>	"FMA:83586"
<http://purl.obolibrary.org/obo/CL_0000891>	"BTO:0003872"
<http://purl.obolibrary.org/obo/CL_0000648>	"FMA:84138"
<http://purl.obolibrary.org/obo/CL_0000168>	"BTO:0000783"
<http://purl.obolibrary.org/obo/CL_0000710>	"FMA:70557"
<http://purl.obolibrary.org/obo/CL_0000710>	"BTO:0004301"
<http://purl.obolibrary.org/obo/CL_0000207>	"BTO:0004185"
<http://purl.obolibrary.org/obo/CL_0000207>	"FMA:67860"
<http://purl.obolibrary.org/obo/CL_0000207>	"MESH:D018034"
<http://purl.obolibrary.org/obo/CL_0000207>	"Wikipedia:Olfactory_receptor_neuron"
<http://purl.obolibrary.org/obo/CL_0000711>	"MESH:D054885"
<http://purl.obolibrary.org/obo/CL_0000711>	"BTO:0002236"
<http://purl.obolibrary.org/obo/CL_1001611>	"FMA:84665"
<http://purl.obolibrary.org/obo/CL_1001611>	"CALOHA:TS-2359"
<http://purl.obolibrary.org/obo/CL_0000570>	"SCTID:176770005"
<http://purl.obolibrary.org/obo/CL_0000570>	"FMA:68653"
<http://purl.obolibrary.org/obo/CL_0002166>	"FMA:62987"
<http://purl.obolibrary.org/obo/CL_0000175>	"FMA:18688"
<http://purl.obolibrary.org/obo/CL_0000175>	"BTO:0003939"
<http://purl.obolibrary.org/obo/CL_1000477>	"FMA:83383"
<http://purl.obolibrary.org/obo/CL_0002295>	"FMA:72214"
<http://purl.obolibrary.org/obo/CL_0000421>	"WBbt:0005751"
<http://purl.obolibrary.org/obo/CL_0000421>	"BTO:0002856"
<http://purl.obolibrary.org/obo/CL_0002643>	"FMA:263148"
<http://purl.obolibrary.org/obo/CL_4030056>	"FMA:84149"
<http://purl.obolibrary.org/obo/CL_0004126>	"BAMS:1066"
<http://purl.obolibrary.org/obo/CL_0002288>	"FMA:67941"
<http://purl.obolibrary.org/obo/CL_0000871>	"FMA:83026"
<http://purl.obolibrary.org/obo/CL_0000170>	"FMA:84045"
<http://purl.obolibrary.org/obo/CL_0002246>	"MESH:D000072916"
<http://purl.obolibrary.org/obo/CL_0002246>	"BTO:0002669"
<http://purl.obolibrary.org/obo/CL_0002246>	"FMA:86711"
<http://purl.obolibrary.org/obo/CL_1000616>	"KUPO:0001025"
<http://purl.obolibrary.org/obo/CL_1001576>	"CALOHA:TS-1252"
<http://purl.obolibrary.org/obo/CL_0000061>	"CALOHA:TS-1164"
<http://purl.obolibrary.org/obo/CL_0000061>	"FMA:63002"
<http://purl.obolibrary.org/obo/CL_0002066>	"FMA:14118"
<http://purl.obolibrary.org/obo/CL_1000365>	"FMA:263160"
<http://purl.obolibrary.org/obo/CL_0002391>	"FAO:0000036"
<http://purl.obolibrary.org/obo/CL_1000547>	"KUPO:0001061"
<http://purl.obolibrary.org/obo/CL_0000408>	"CALOHA:TS-0949"
<http://purl.obolibrary.org/obo/CL_0000408>	"BTO:0001277"
<http://purl.obolibrary.org/obo/CL_0002238>	"EMAPA:18686"
<http://purl.obolibrary.org/obo/CL_0002238>	"VHOG:0000662"
<http://purl.obolibrary.org/obo/CL_0002238>	"EHDAA2:0001053"
<http://purl.obolibrary.org/obo/CL_0002238>	"FMA:84771"
<http://purl.obolibrary.org/obo/CL_0002314>	"FMA:75809"
<http://purl.obolibrary.org/obo/CL_0008039>	"FMA:84632"
<http://purl.obolibrary.org/obo/CL_0009084>	"EFO:0010710"
<http://purl.obolibrary.org/obo/CL_1000351>	"FMA:263124"
<http://purl.obolibrary.org/obo/CL_0002134>	"FMA:256171"
<http://purl.obolibrary.org/obo/CL_0002642>	"FMA:256143"
<http://purl.obolibrary.org/obo/CL_0003018>	"BAMS:1010"
<http://purl.obolibrary.org/obo/CL_0004120>	"BAMS:1045"
<http://purl.obolibrary.org/obo/CL_1001124>	"KUPO:0001067"
<http://purl.obolibrary.org/obo/CL_1000339>	"FMA:263096"
<http://purl.obolibrary.org/obo/CL_4023120>	"FMA:62364"
<http://purl.obolibrary.org/obo/CL_0000564>	"FMA:84196"
<http://purl.obolibrary.org/obo/CL_0000638>	"FMA:83093"
<http://purl.obolibrary.org/obo/CL_0002175>	"FMA:70590"
<http://purl.obolibrary.org/obo/CL_0002648>	"FMA:70554"
<http://purl.obolibrary.org/obo/CL_1001097>	"KUPO:0001040"
<http://purl.obolibrary.org/obo/CL_1000385>	"FMA:263200"
<http://purl.obolibrary.org/obo/CL_1001006>	"KUPO:0001038"
<http://purl.obolibrary.org/obo/CL_0002232>	"FMA:74224"
<http://purl.obolibrary.org/obo/CL_0004001>	"BAMS:1002"
<http://purl.obolibrary.org/obo/CL_0002334>	"BTO:0001107"
<http://purl.obolibrary.org/obo/CL_0002099>	"FMA:69273"
<http://purl.obolibrary.org/obo/CL_0000052>	"MESH:D039901"
<http://purl.obolibrary.org/obo/CL_0000052>	"FMA:84790"
<http://purl.obolibrary.org/obo/CL_0000592>	"FMA:18689"
<http://purl.obolibrary.org/obo/CL_2000048>	"NCIT:C12645"
<http://purl.obolibrary.org/obo/CL_1000356>	"FMA:263134"
<http://purl.obolibrary.org/obo/CL_0002264>	"FMA:83411"
<http://purl.obolibrary.org/obo/CL_0002501>	"FMA:63207"
<http://purl.obolibrary.org/obo/CL_0002167>	"FMA:67870"
<http://purl.obolibrary.org/obo/CL_0000523>	"FMA:83042"
<http://purl.obolibrary.org/obo/CL_0000830>	"FMA:84208"
<http://purl.obolibrary.org/obo/CL_0002388>	"FAO:0000037"
<http://purl.obolibrary.org/obo/CL_0004125>	"BAMS:1067"
<http://purl.obolibrary.org/obo/CL_0002273>	"FMA:63208"
<http://purl.obolibrary.org/obo/CL_1000325>	"FMA:263065"
<http://purl.obolibrary.org/obo/CL_1000435>	"FMA:70559"
<http://purl.obolibrary.org/obo/CL_0002070>	"FMA:62352"
<http://purl.obolibrary.org/obo/CL_1000718>	"KUPO:0001134"
<http://purl.obolibrary.org/obo/CL_0002228>	"FMA:70613"
<http://purl.obolibrary.org/obo/CL_0002660>	"FMA:74505"
<http://purl.obolibrary.org/obo/CL_1000357>	"FMA:263136"
<http://purl.obolibrary.org/obo/CL_0000105>	"FMA:67305"
<http://purl.obolibrary.org/obo/CL_1000310>	"FMA:261297"
<http://purl.obolibrary.org/obo/CL_1000546>	"KUPO:0001060"
<http://purl.obolibrary.org/obo/CL_1001599>	"CALOHA:TS-1242"
<http://purl.obolibrary.org/obo/CL_1001599>	"BTO:0000028"
<http://purl.obolibrary.org/obo/CL_0000307>	"FMA:74793"
<http://purl.obolibrary.org/obo/CL_1000453>	"FMA:70980"
<http://purl.obolibrary.org/obo/CL_0000614>	"FMA:83543"
<http://purl.obolibrary.org/obo/CL_0000614>	"BTO:0003456"
<http://purl.obolibrary.org/obo/CL_0002382>	"FAO:0000033"
<http://purl.obolibrary.org/obo/CL_4023102>	"ILX:0770161"
<http://purl.obolibrary.org/obo/CL_0002222>	"FMA:70950"
<http://purl.obolibrary.org/obo/CL_1000469>	"FMA:74499"
<http://purl.obolibrary.org/obo/CL_0000589>	"FMA:62365"
<http://purl.obolibrary.org/obo/CL_0000589>	"BTO:0003667"
<http://purl.obolibrary.org/obo/CL_1000550>	"KUPO:0001064"
<http://purl.obolibrary.org/obo/CL_0009094>	"EFO:0010704"
<http://purl.obolibrary.org/obo/CL_0000703>	"BTO:0002315"
<http://purl.obolibrary.org/obo/CL_1001580>	"CALOHA:TS-1257"
<http://purl.obolibrary.org/obo/CL_0002195>	"FMA:86577"
<http://purl.obolibrary.org/obo/CL_1000370>	"FMA:263170"
<http://purl.obolibrary.org/obo/CL_1000480>	"FMA:83387"
<http://purl.obolibrary.org/obo/CL_0000606>	"FAO:0000038"
<http://purl.obolibrary.org/obo/CL_0002214>	"FMA:84415"
<http://purl.obolibrary.org/obo/CL_0002214>	"BTO:0001813"
<http://purl.obolibrary.org/obo/CL_1001593>	"CALOHA:TS-1279"
<http://purl.obolibrary.org/obo/CL_1000298>	"FMA:256516"
<http://purl.obolibrary.org/obo/CL_0000048>	"FMA:84789"
<http://purl.obolibrary.org/obo/CL_1000419>	"FMA:67803"
<http://purl.obolibrary.org/obo/CL_1000473>	"FMA:74503"
<http://purl.obolibrary.org/obo/CL_0002291>	"FMA:84057"
<http://purl.obolibrary.org/obo/CL_4029001>	"BTO:0000953"
<http://purl.obolibrary.org/obo/CL_0000597>	"FAO:0000028"
<http://purl.obolibrary.org/obo/CL_1001586>	"CALOHA:TS-1272"
<http://purl.obolibrary.org/obo/CL_1000376>	"FMA:263182"
<http://purl.obolibrary.org/obo/CL_1000301>	"FMA:261275"
<http://purl.obolibrary.org/obo/CL_1000315>	"FMA:263040"
<http://purl.obolibrary.org/obo/CL_1000486>	"FMA:84150"
<http://purl.obolibrary.org/obo/CL_0000647>	"FMA:83035"
<http://purl.obolibrary.org/obo/CL_0000647>	"MESH:D015726"
<http://purl.obolibrary.org/obo/CL_0000647>	"BTO:0003107"
<http://purl.obolibrary.org/obo/CL_0002159>	"FMA:70556"
<http://purl.obolibrary.org/obo/CL_0002242>	"FMA:67513"
<http://purl.obolibrary.org/obo/CL_0002091>	"VHOG:0000464"
<http://purl.obolibrary.org/obo/CL_0002091>	"EMAPA:16032"
<http://purl.obolibrary.org/obo/CL_0002091>	"EHDAA2:0000541"
<http://purl.obolibrary.org/obo/CL_0002091>	"FMA:18650"
<http://purl.obolibrary.org/obo/CL_1001572>	"CALOHA:TS-2397"
<http://purl.obolibrary.org/obo/CL_1001435>	"NIFEXT:122"
<http://purl.obolibrary.org/obo/CL_1001435>	"BTO:0003796"
<http://purl.obolibrary.org/obo/CL_0000418>	"WBbt:0005793"
<http://purl.obolibrary.org/obo/CL_0000528>	"FMA:84792"
<http://purl.obolibrary.org/obo/CL_0002255>	"FMA:86490"
<http://purl.obolibrary.org/obo/CL_0002255>	"CALOHA:TS-1266"
<http://purl.obolibrary.org/obo/CL_1000307>	"FMA:261287"
<http://purl.obolibrary.org/obo/CL_1000361>	"FMA:263152"
<http://purl.obolibrary.org/obo/CL_1001135>	"KUPO:0001078"
<http://purl.obolibrary.org/obo/CL_0002476>	"BTO:0004732"
<http://purl.obolibrary.org/obo/CL_0002310>	"FMA:83097"
<http://purl.obolibrary.org/obo/CL_0017006>	"FMA:83031"
<http://purl.obolibrary.org/obo/CL_0017006>	"EFO:0005293"
<http://purl.obolibrary.org/obo/CL_0002206>	"FMA:263228"
<http://purl.obolibrary.org/obo/CL_0002296>	"FMA:72212"
<http://purl.obolibrary.org/obo/CL_0002130>	"FMA:228790"
<http://purl.obolibrary.org/obo/CL_0003014>	"https://orcid.org/0000-0001-7258-9596"
<http://purl.obolibrary.org/obo/CL_0003014>	"https://orcid.org/0000-0002-5260-9315"
<http://purl.obolibrary.org/obo/CL_1000335>	"FMA:263088"
<http://purl.obolibrary.org/obo/CL_1000284>	"FMA:17520"
<http://purl.obolibrary.org/obo/CL_1000445>	"FMA:70619"
<http://purl.obolibrary.org/obo/CL_0002651>	"FMA:72140"
<http://purl.obolibrary.org/obo/CL_0002289>	"FMA:62356"
<http://purl.obolibrary.org/obo/CL_0000083>	"BTO:0000028"
<http://purl.obolibrary.org/obo/CL_0000634>	"FMA:79802"
<http://purl.obolibrary.org/obo/CL_1001577>	"CALOHA:TS-1253"
<http://purl.obolibrary.org/obo/CL_1000617>	"KUPO:0001026"
<http://purl.obolibrary.org/obo/CL_0002093>	"FMA:18651"
<http://purl.obolibrary.org/obo/CL_0002093>	"EMAPA:16045"
<http://purl.obolibrary.org/obo/CL_0002093>	"EHDAA2:0001820"
<http://purl.obolibrary.org/obo/CL_0002093>	"EMAPA:16034"
<http://purl.obolibrary.org/obo/CL_0002171>	"FMA:67874"
<http://purl.obolibrary.org/obo/CL_0002644>	"FMA:70628"
<http://purl.obolibrary.org/obo/CL_1001286>	"KUPO:0001072"
<http://purl.obolibrary.org/obo/CL_1000360>	"FMA:263142"
<http://purl.obolibrary.org/obo/CL_0000620>	"FAO:0000039"
<http://purl.obolibrary.org/obo/CL_0002315>	"FMA:79796"
<http://purl.obolibrary.org/obo/CL_1001064>	"KUPO:0001096"
<http://purl.obolibrary.org/obo/CL_1000352>	"FMA:263126"
<http://purl.obolibrary.org/obo/CL_1000366>	"FMA:263162"
<http://purl.obolibrary.org/obo/CL_0002135>	"FMA:62880"
<http://purl.obolibrary.org/obo/CL_1000548>	"KUPO:0001062"
<http://purl.obolibrary.org/obo/CL_0002239>	"FMA:84772"
<http://purl.obolibrary.org/obo/CL_0002239>	"ISBN:0721662544"
<http://purl.obolibrary.org/obo/CL_0002239>	"EMAPA:17965"
<http://purl.obolibrary.org/obo/CL_0002239>	"VHOG:0000661"
<http://purl.obolibrary.org/obo/CL_0002239>	"EHDAA2:0000505"
<http://purl.obolibrary.org/obo/CL_0002283>	"FMA:70581"
<http://purl.obolibrary.org/obo/CL_1000478>	"FMA:83384"
<http://purl.obolibrary.org/obo/CL_0002384>	"FAO:0000029"
<http://purl.obolibrary.org/obo/CL_0000552>	"FMA:84646"
<http://purl.obolibrary.org/obo/CL_0002649>	"FMA:70579"
<http://purl.obolibrary.org/obo/CL_0004121>	"BAMS:1048"
<http://purl.obolibrary.org/obo/CL_1000321>	"FMA:263056"
<http://purl.obolibrary.org/obo/CL_1000714>	"KUPO:0001130"
<http://purl.obolibrary.org/obo/CL_0002635>	"FMA:263146"
<http://purl.obolibrary.org/obo/CL_0002176>	"FMA:70591"
<http://purl.obolibrary.org/obo/CL_0000343>	"FMA:63846"
<http://purl.obolibrary.org/obo/CL_0002233>	"FMA:74223"
<http://purl.obolibrary.org/obo/CL_1001595>	"CALOHA:TS-1281"
<http://purl.obolibrary.org/obo/CL_0002502>	"FMA:63420"
<http://purl.obolibrary.org/obo/CL_0001006>	"BTO:0004812"
<http://purl.obolibrary.org/obo/CL_1001223>	"KUPO:0001089"
<http://purl.obolibrary.org/obo/CL_0002168>	"FMA:79798"
<http://purl.obolibrary.org/obo/CL_0000336>	"FMA:69262"
<http://purl.obolibrary.org/obo/CL_0000599>	"FAO:0000024"
<http://purl.obolibrary.org/obo/CL_0000599>	"BTO:0000283"
<http://purl.obolibrary.org/obo/CL_1000317>	"FMA:263046"
<http://purl.obolibrary.org/obo/CL_0004119>	"BAMS:1047"
<http://purl.obolibrary.org/obo/CL_0000769>	"FMA:84198"
<http://purl.obolibrary.org/obo/CL_1000191>	"FMA:75722"
<http://purl.obolibrary.org/obo/CL_0002389>	"FAO:0000031"
<http://purl.obolibrary.org/obo/CL_1000490>	"FMA:86736"
<http://purl.obolibrary.org/obo/CL_1000719>	"KUPO:0001135"
<http://purl.obolibrary.org/obo/CL_1000699>	"KUPO:0001110"
<http://purl.obolibrary.org/obo/CL_1001209>	"KUPO:0001075"
<http://purl.obolibrary.org/obo/CL_1000415>	"FMA:67780"
<http://purl.obolibrary.org/obo/CL_0002162>	"FMA:70626"
<http://purl.obolibrary.org/obo/CL_1000482>	"FMA:83390"
<http://purl.obolibrary.org/obo/CL_0002155>	"FMA:81099"
<http://purl.obolibrary.org/obo/CL_0002265>	"FMA:268744"
<http://purl.obolibrary.org/obo/CL_1000344>	"FMA:263106"
<http://purl.obolibrary.org/obo/CL_0000676>	"BTO:0001033"
<http://purl.obolibrary.org/obo/CL_0002321>	"WBbt:0007028"
<http://purl.obolibrary.org/obo/CL_0002321>	"FMA:82840"
<http://purl.obolibrary.org/obo/CL_0002321>	"CALOHA:TS-0263"
<http://purl.obolibrary.org/obo/CL_0000371>	"MESH:D011523"
<http://purl.obolibrary.org/obo/CL_0002383>	"FAO:0000033"
<http://purl.obolibrary.org/obo/CL_1000746>	"KUPO:0001036"
<http://purl.obolibrary.org/obo/CL_0002180>	"FMA:63464"
<http://purl.obolibrary.org/obo/CL_4023083>	"ILX:0777213"
<http://purl.obolibrary.org/obo/CL_1000456>	"FMA:72142"
<http://purl.obolibrary.org/obo/CL_0002229>	"FMA:69079"
<http://purl.obolibrary.org/obo/CL_1001213>	"KUPO:0001079"
<http://purl.obolibrary.org/obo/CL_0002661>	"FMA:87168"
<http://purl.obolibrary.org/obo/CL_0002202>	"FMA:66816"
<http://purl.obolibrary.org/obo/CL_0002182>	"FMA:62949"
<http://purl.obolibrary.org/obo/CL_1001581>	"CALOHA:TS-1258"
<http://purl.obolibrary.org/obo/CL_0002196>	"FMA:86576"
<http://purl.obolibrary.org/obo/CL_0002196>	"BTO:0004270"
<http://purl.obolibrary.org/obo/CL_1000371>	"FMA:263172"
<http://purl.obolibrary.org/obo/CL_1000358>	"FMA:263138"
<http://purl.obolibrary.org/obo/CL_1000481>	"FMA:83388"
<http://purl.obolibrary.org/obo/CL_0002215>	"FMA:84416"
<http://purl.obolibrary.org/obo/CL_1000316>	"FMA:263042"
<http://purl.obolibrary.org/obo/CL_1000280>	"FMA:15663"
<http://purl.obolibrary.org/obo/CL_0000035>	"FMA:70569"
<http://purl.obolibrary.org/obo/CL_1001573>	"CALOHA:TS-2398"
<http://purl.obolibrary.org/obo/CL_1001587>	"CALOHA:TS-1273"
<http://purl.obolibrary.org/obo/CL_1000377>	"FMA:263184"
<http://purl.obolibrary.org/obo/CL_1000302>	"FMA:261277"
<http://purl.obolibrary.org/obo/CL_1000893>	"KUPO:0001031"
<http://purl.obolibrary.org/obo/CL_0002146>	"FMA:70658"
<http://purl.obolibrary.org/obo/CL_0002256>	"FMA:84188"
<http://purl.obolibrary.org/obo/CL_1000405>	"FMA:63602"
<http://purl.obolibrary.org/obo/CL_0002311>	"FMA:83096"
<http://purl.obolibrary.org/obo/CL_0000419>	"BTO:0003039"
<http://purl.obolibrary.org/obo/CL_0002249>	"FMA:75620"
<http://purl.obolibrary.org/obo/CL_0002076>	"FMA:69075"
<http://purl.obolibrary.org/obo/CL_0000515>	"FMA:84799"
<http://purl.obolibrary.org/obo/CL_0000043>	"CALOHA:TS-0688"
<http://purl.obolibrary.org/obo/CL_0000043>	"BTO:0001026"
<http://purl.obolibrary.org/obo/CL_1000308>	"FMA:261289"
<http://purl.obolibrary.org/obo/CL_1000362>	"FMA:263154"
<http://purl.obolibrary.org/obo/CL_0002069>	"FMA:67909"
<http://purl.obolibrary.org/obo/CL_1000276>	"FMA:15058"
<http://purl.obolibrary.org/obo/CL_0003015>	"https://orcid.org/0000-0002-5260-9315"
<http://purl.obolibrary.org/obo/CL_0003015>	"https://orcid.org/0000-0001-7258-9596"
<http://purl.obolibrary.org/obo/CL_0002235>	"FMA:74266"
<http://purl.obolibrary.org/obo/CL_1001610>	"CALOHA:TS-2109"
<http://purl.obolibrary.org/obo/CL_0002317>	"FMA:75808"
<http://purl.obolibrary.org/obo/CL_0002652>	"FMA:67759"
<http://purl.obolibrary.org/obo/CL_1001066>	"KUPO:0001098"
<http://purl.obolibrary.org/obo/CL_0002297>	"FMA:72211"
<http://purl.obolibrary.org/obo/CL_1000349>	"FMA:263120"
<http://purl.obolibrary.org/obo/CL_0002645>	"FMA:70629"
<http://purl.obolibrary.org/obo/CL_1001287>	"KUPO:0001073"
<http://purl.obolibrary.org/obo/CL_1000285>	"FMA:17521"
<http://purl.obolibrary.org/obo/CL_0002597>	"KUPO:0001122"
<http://purl.obolibrary.org/obo/CL_0002658>	"FMA:87194"
<http://purl.obolibrary.org/obo/CL_0000635>	"FMA:75725"
<http://purl.obolibrary.org/obo/CL_1001578>	"CALOHA:TS-1254"
<http://purl.obolibrary.org/obo/CL_0002172>	"FMA:79797"
<http://purl.obolibrary.org/obo/CL_0000549>	"FMA:83505"
<http://purl.obolibrary.org/obo/CL_1000695>	"KUPO:0001106"
<http://purl.obolibrary.org/obo/CL_0000917>	"BTO:0004793"
<http://purl.obolibrary.org/obo/CL_0000917>	"FMA:84793"
<http://purl.obolibrary.org/obo/CL_0000917>	"BTO:0004888"
<http://purl.obolibrary.org/obo/CL_1000367>	"FMA:263164"
<http://purl.obolibrary.org/obo/CL_1000438>	"FMA:70562"
<http://purl.obolibrary.org/obo/CL_1001601>	"CALOHA:TS-2177"
<http://purl.obolibrary.org/obo/CL_1000681>	"KUPO:0001091"
<http://purl.obolibrary.org/obo/CL_0009086>	"EFO:0010667"
<http://purl.obolibrary.org/obo/CL_0002178>	"FMA:62948"
<http://purl.obolibrary.org/obo/CL_0010021>	"MESH:D032386"
<http://purl.obolibrary.org/obo/CL_1001126>	"KUPO:0001069"
<http://purl.obolibrary.org/obo/CL_0000437>	"BTO:0002482"
<http://purl.obolibrary.org/obo/CL_0000437>	"FMA:83100"
<http://purl.obolibrary.org/obo/CL_0002270>	"FMA:62941"
<http://purl.obolibrary.org/obo/CL_0002284>	"FMA:63209"
<http://purl.obolibrary.org/obo/CL_0002308>	"FMA:70657"
<http://purl.obolibrary.org/obo/CL_1000612>	"KUPO:0001021"
<http://purl.obolibrary.org/obo/CL_1000322>	"FMA:263058"
<http://purl.obolibrary.org/obo/CL_0000668>	"FMA:84638"
<http://purl.obolibrary.org/obo/CL_0000668>	"BTO:0002174"
<http://purl.obolibrary.org/obo/CL_0002276>	"FMA:85400"
<http://purl.obolibrary.org/obo/CL_1000715>	"KUPO:0001131"
<http://purl.obolibrary.org/obo/CL_1000465>	"FMA:74319"
<http://purl.obolibrary.org/obo/CL_1001052>	"KUPO:0001084"
<http://purl.obolibrary.org/obo/CL_0002234>	"FMA:74265"
<http://purl.obolibrary.org/obo/CL_0000833>	"FMA:84199"
<http://purl.obolibrary.org/obo/CL_1001606>	"CALOHA:TS-0385"
<http://purl.obolibrary.org/obo/CL_1001596>	"CALOHA:TS-1282"
<http://purl.obolibrary.org/obo/CL_1000340>	"FMA:263098"
<http://purl.obolibrary.org/obo/CL_0011028>	"BTO:0002771"
<http://purl.obolibrary.org/obo/CL_0002302>	"FMA:66787"
<http://purl.obolibrary.org/obo/CL_0002497>	"EMAPA:16066"
<http://purl.obolibrary.org/obo/CL_1000549>	"KUPO:0001063"
<http://purl.obolibrary.org/obo/CL_1001224>	"KUPO:0001090"
<http://purl.obolibrary.org/obo/CL_0002169>	"FMA:62303"
<http://purl.obolibrary.org/obo/CL_1000466>	"FMA:74320"
<http://purl.obolibrary.org/obo/CL_1001579>	"CALOHA:TS-1256"
<http://purl.obolibrary.org/obo/CL_1000369>	"FMA:263168"
<http://purl.obolibrary.org/obo/CL_1000479>	"FMA:83386"
<http://purl.obolibrary.org/obo/CL_1000327>	"FMA:263069"
<http://purl.obolibrary.org/obo/CL_0000225>	"FMA:68647"
<http://purl.obolibrary.org/obo/CL_1000381>	"FMA:263192"
<http://purl.obolibrary.org/obo/CL_1000437>	"FMA:70561"
<http://purl.obolibrary.org/obo/CL_1000394>	"FMA:62158"
<http://purl.obolibrary.org/obo/CL_0002636>	"FMA:263144"
<http://purl.obolibrary.org/obo/CL_0002177>	"FMA:83102"
<http://purl.obolibrary.org/obo/CL_1001320>	"KUPO:0001123"
<http://purl.obolibrary.org/obo/CL_1000706>	"KUPO:0001117"
<http://purl.obolibrary.org/obo/CL_0002150>	"FMA:83514"
<http://purl.obolibrary.org/obo/CL_0002211>	"FMA:84413"
<http://purl.obolibrary.org/obo/CL_0002211>	"BTO:0001812"
<http://purl.obolibrary.org/obo/CL_0002211>	"CALOHA:TS-0940"
<http://purl.obolibrary.org/obo/CL_0002003>	"FMA:83517"
<http://purl.obolibrary.org/obo/CL_1001590>	"CALOHA:TS-1276"
<http://purl.obolibrary.org/obo/CL_0002163>	"FMA:75726"
<http://purl.obolibrary.org/obo/CL_1000470>	"FMA:74500"
<http://purl.obolibrary.org/obo/CL_0000580>	"BTO:0003455"
<http://purl.obolibrary.org/obo/CL_0000580>	"FMA:83540"
<http://purl.obolibrary.org/obo/CL_1000373>	"FMA:263176"
<http://purl.obolibrary.org/obo/CL_1000483>	"FMA:83392"
<http://purl.obolibrary.org/obo/CL_0002142>	"FMA:70659"
<http://purl.obolibrary.org/obo/CL_0002266>	"FMA:268736"
<http://purl.obolibrary.org/obo/CL_1000318>	"FMA:263050"
<http://purl.obolibrary.org/obo/CL_1000441>	"FMA:70583"
<http://purl.obolibrary.org/obo/CL_0000415>	"FMA:72300"
<http://purl.obolibrary.org/obo/CL_0002086>	"FMA:67968"
<http://purl.obolibrary.org/obo/CL_1001214>	"KUPO:0001080"
<http://purl.obolibrary.org/obo/CL_0001070>	"MESH:D000069797"
<http://purl.obolibrary.org/obo/CL_1000424>	"FMA:69328"
<http://purl.obolibrary.org/obo/CL_0002181>	"FMA:62954"
<http://purl.obolibrary.org/obo/CL_0002216>	"FMA:84450"
<http://purl.obolibrary.org/obo/CL_0002662>	"FMA:74504"
<http://purl.obolibrary.org/obo/CL_0002183>	"FMA:62953"
<http://purl.obolibrary.org/obo/CL_1000345>	"FMA:263108"
<http://purl.obolibrary.org/obo/CL_1000359>	"FMA:263140"
<http://purl.obolibrary.org/obo/CL_1001588>	"CALOHA:TS-1274"
<http://purl.obolibrary.org/obo/CL_1000378>	"FMA:263186"
<http://purl.obolibrary.org/obo/CL_0000107>	"FMA:80121"
<http://purl.obolibrary.org/obo/CL_1000281>	"FMA:15681"
<http://purl.obolibrary.org/obo/CL_1001145>	"KUPO:0001088"
<http://purl.obolibrary.org/obo/CL_0005023>	"PMID:14699587"
<http://purl.obolibrary.org/obo/CL_0000142>	"FMA:70620"
<http://purl.obolibrary.org/obo/CL_0000142>	"BTO:0004271"
<http://purl.obolibrary.org/obo/CL_0002299>	"FMA:72210"
<http://purl.obolibrary.org/obo/CL_0002147>	"FMA:69081"
<http://purl.obolibrary.org/obo/CL_1000691>	"KUPO:0001101"
<http://purl.obolibrary.org/obo/CL_0002257>	"FMA:256167"
<http://purl.obolibrary.org/obo/CL_0002257>	"MESH:D000072637"
<http://purl.obolibrary.org/obo/CL_1000363>	"FMA:263156"
<http://purl.obolibrary.org/obo/CL_4023104>	"ILX:0770157"
<http://purl.obolibrary.org/obo/CL_1000720>	"KUPO:0001136"
<http://purl.obolibrary.org/obo/CL_0002100>	"FMA:228792"
<http://purl.obolibrary.org/obo/CL_0002210>	"FMA:84448"
<http://purl.obolibrary.org/obo/CL_1000457>	"FMA:72143"
<http://purl.obolibrary.org/obo/CL_0000516>	"FMA:54550"
<http://purl.obolibrary.org/obo/CL_1001582>	"CALOHA:TS-1261"
<http://purl.obolibrary.org/obo/CL_1000372>	"FMA:263174"
<http://purl.obolibrary.org/obo/CL_0003016>	"https://orcid.org/0000-0001-7258-9596"
<http://purl.obolibrary.org/obo/CL_0003016>	"https://orcid.org/0000-0002-5260-9315"
<http://purl.obolibrary.org/obo/CL_1001608>	"CALOHA:TS-0384"
<http://purl.obolibrary.org/obo/CL_1000286>	"FMA:17522"
<http://purl.obolibrary.org/obo/CL_0002318>	"FMA:86712"
<http://purl.obolibrary.org/obo/CL_1000442>	"FMA:70598"
<http://purl.obolibrary.org/obo/CL_1001216>	"KUPO:0001082"
<http://purl.obolibrary.org/obo/CL_0000141>	"FMA:63003"
<http://purl.obolibrary.org/obo/CL_0000424>	"WBbt:0005812"
<http://purl.obolibrary.org/obo/CL_0002141>	"FMA:69082"
<http://purl.obolibrary.org/obo/CL_0002646>	"FMA:70577"
<http://purl.obolibrary.org/obo/CL_1000504>	"KUPO:0001017"
<http://purl.obolibrary.org/obo/CL_0000244>	"FMA:66778"
<http://purl.obolibrary.org/obo/CL_0002659>	"FMA:86554"
<http://purl.obolibrary.org/obo/CL_0002659>	"CALOHA:TS-1284"
<http://purl.obolibrary.org/obo/CL_0002244>	"FMA:86483"
<http://purl.obolibrary.org/obo/CL_4023076>	"NIFEXT:55"
<http://purl.obolibrary.org/obo/CL_4023076>	"ILX:0107375"
<http://purl.obolibrary.org/obo/CL_1000682>	"KUPO:0001092"
<http://purl.obolibrary.org/obo/CL_0000918>	"FMA:84794"
<http://purl.obolibrary.org/obo/CL_0000918>	"BTO:0004794"
<http://purl.obolibrary.org/obo/CL_1000368>	"FMA:263166"
<http://purl.obolibrary.org/obo/CL_1000277>	"FMA:15062"
<http://purl.obolibrary.org/obo/CL_0004137>	"BAMS:1061"
<http://purl.obolibrary.org/obo/CL_0002285>	"FMA:67940"
<http://purl.obolibrary.org/obo/CL_1001220>	"KUPO:0001086"
<http://purl.obolibrary.org/obo/CL_0009087>	"EFO:0010712"
<http://purl.obolibrary.org/obo/CL_0002190>	"FMA:86925"
<http://purl.obolibrary.org/obo/CL_0008037>	"SAO:143800623"
<http://purl.obolibrary.org/obo/CL_0008037>	"MESH:D009047"
<http://purl.obolibrary.org/obo/CL_0008037>	"FMA:83660"
<http://purl.obolibrary.org/obo/CL_0002298>	"FMA:72213"
<http://purl.obolibrary.org/obo/CL_1001127>	"KUPO:0001070"
<http://purl.obolibrary.org/obo/CL_0002271>	"FMA:62940"
<http://purl.obolibrary.org/obo/CL_1000323>	"FMA:263061"
<http://purl.obolibrary.org/obo/CL_1000337>	"FMA:263092"
<http://purl.obolibrary.org/obo/CL_0002309>	"BTO:0002509"
<http://purl.obolibrary.org/obo/CL_0002309>	"FMA:83098"
<http://purl.obolibrary.org/obo/CL_0002309>	"MESH:D052680"
<http://purl.obolibrary.org/obo/CL_1000606>	"KUPO:0001015"
<http://purl.obolibrary.org/obo/CL_1000433>	"FMA:70553"
<http://purl.obolibrary.org/obo/CL_1000716>	"KUPO:0001132"
<http://purl.obolibrary.org/obo/CL_0000520>	"MESH:D011387"
<http://purl.obolibrary.org/obo/CL_1000702>	"KUPO:0001113"
<http://purl.obolibrary.org/obo/CL_0004183>	"BAMS:1049"
<http://purl.obolibrary.org/obo/CL_1000696>	"KUPO:0001107"
<http://purl.obolibrary.org/obo/CL_0002584>	"KUPO:0001016"
<http://purl.obolibrary.org/obo/CL_1001607>	"CALOHA:TS-0056"
<http://purl.obolibrary.org/obo/CL_1000341>	"FMA:263100"
<http://purl.obolibrary.org/obo/CL_0000590>	"FMA:18690"
<http://purl.obolibrary.org/obo/CL_0000590>	"BTO:0002850"
<http://purl.obolibrary.org/obo/CL_0002192>	"FMA:83541"
<http://purl.obolibrary.org/obo/CL_1000354>	"FMA:263130"
<http://purl.obolibrary.org/obo/CL_0002380>	"FAO:0000039"
<http://purl.obolibrary.org/obo/CL_1000600>	"KUPO:0001115"
<http://purl.obolibrary.org/obo/CL_1000467>	"FMA:74321"
<http://purl.obolibrary.org/obo/CL_0005015>	"FMA:79801"
<http://purl.obolibrary.org/obo/CL_0000111>	"FMA:84664"
<http://purl.obolibrary.org/obo/CL_1001100>	"KUPO:0001043"
<http://purl.obolibrary.org/obo/CL_1001210>	"KUPO:0001076"
<http://purl.obolibrary.org/obo/CL_1000420>	"FMA:67804"
<http://purl.obolibrary.org/obo/CL_0002618>	"BTO:0004296"
<http://purl.obolibrary.org/obo/CL_0002386>	"FAO:0000035"
<http://purl.obolibrary.org/obo/CL_1000328>	"FMA:263071"
<http://purl.obolibrary.org/obo/CL_1000382>	"FMA:263194"
<http://purl.obolibrary.org/obo/CL_1000492>	"FMA:86738"
<http://purl.obolibrary.org/obo/CL_0002212>	"FMA:84414"
<http://purl.obolibrary.org/obo/CL_0002212>	"BTO:0001813"
<http://purl.obolibrary.org/obo/CL_1001009>	"KUPO:0001041"
<http://purl.obolibrary.org/obo/CL_0002226>	"FMA:67561"
<http://purl.obolibrary.org/obo/CL_1001591>	"CALOHA:TS-1277"
<http://purl.obolibrary.org/obo/CL_0002164>	"FMA:75727"
<http://purl.obolibrary.org/obo/CL_1000374>	"FMA:263178"
<http://purl.obolibrary.org/obo/CL_1000313>	"FMA:263035"
<http://purl.obolibrary.org/obo/CL_1000484>	"FMA:83393"
<http://purl.obolibrary.org/obo/CL_0002267>	"FMA:83410"
<http://purl.obolibrary.org/obo/CL_0002323>	"BTO:0000066"
<http://purl.obolibrary.org/obo/CL_0000612>	"FMA:83542"
<http://purl.obolibrary.org/obo/CL_0000612>	"BTO:0003454"
<http://purl.obolibrary.org/obo/CL_0000581>	"FMA:83025"
<http://purl.obolibrary.org/obo/CL_0000581>	"BTO:0001034"
<http://purl.obolibrary.org/obo/CL_0002087>	"FMA:62855"
<http://purl.obolibrary.org/obo/CL_0002143>	"FMA:69080"
<http://purl.obolibrary.org/obo/CL_1000319>	"FMA:263052"
<http://purl.obolibrary.org/obo/CL_4023100>	"ILX:0770158"
<http://purl.obolibrary.org/obo/CL_0009003>	"http://en.wikipedia.org/wiki/Insect#Midgut"
<http://purl.obolibrary.org/obo/CL_0009003>	"GOC:pr"
<http://purl.obolibrary.org/obo/CL_1000290>	"FMA:223279"
<http://purl.obolibrary.org/obo/CL_0000040>	"CALOHA:TS-1195"
<http://purl.obolibrary.org/obo/CL_0000040>	"FMA:83553"
<http://purl.obolibrary.org/obo/CL_1000411>	"FMA:67757"
<http://purl.obolibrary.org/obo/CL_0002609>	"BTO:0004102"
<http://purl.obolibrary.org/obo/CL_0002609>	"FMA:84104"
<http://purl.obolibrary.org/obo/CL_1000425>	"FMA:69335"
<http://purl.obolibrary.org/obo/CL_0002663>	"FMA:83389"
<http://purl.obolibrary.org/obo/CL_0002198>	"MESH:D024862"
<http://purl.obolibrary.org/obo/CL_0002198>	"FMA:67606"
<http://purl.obolibrary.org/obo/CL_0008046>	"TH:H3.03.00.0.00007"
<http://purl.obolibrary.org/obo/CL_1000854>	"KUPO:0001014"
<http://purl.obolibrary.org/obo/CL_0002217>	"FMA:86564"
<http://purl.obolibrary.org/obo/CL_0002217>	"BTO:0002366"
<http://purl.obolibrary.org/obo/CL_0002261>	"FMA:70627"
<http://purl.obolibrary.org/obo/CL_1000282>	"FMA:17518"
<http://purl.obolibrary.org/obo/CL_0004161>	"BAMS:1028"
<http://purl.obolibrary.org/obo/CL_1000417>	"FMA:67801"
<http://purl.obolibrary.org/obo/CL_1000471>	"FMA:74501"
<http://purl.obolibrary.org/obo/CL_1000346>	"FMA:263112"
<http://purl.obolibrary.org/obo/CL_1000346>	"FMA:263090"
<http://purl.obolibrary.org/obo/CL_1000489>	"FMA:86497"
<http://purl.obolibrary.org/obo/CL_0000645>	"FMA:83503"
<http://purl.obolibrary.org/obo/CL_0000645>	"BTO:0003793"
<http://purl.obolibrary.org/obo/CL_1000332>	"FMA:263082"
<http://purl.obolibrary.org/obo/CL_4023105>	"ILX:0770158"
<http://purl.obolibrary.org/obo/CL_1000288>	"FMA:223277"
<http://purl.obolibrary.org/obo/CL_4023099>	"ILX:0770157"
<http://purl.obolibrary.org/obo/CL_0002655>	"FMA:70732"
<http://purl.obolibrary.org/obo/CL_4023008>	"ILX:0770100"
<http://purl.obolibrary.org/obo/CL_1000364>	"FMA:263158"
<http://purl.obolibrary.org/obo/CL_1001138>	"KUPO:0001081"
<http://purl.obolibrary.org/obo/CL_1000803>	"KUPO:0001093"
<http://purl.obolibrary.org/obo/CL_0002281>	"FMA:62936"
<http://purl.obolibrary.org/obo/CL_1001068>	"KUPO:0001100"
<http://purl.obolibrary.org/obo/CL_0002184>	"FMA:62304"
<http://purl.obolibrary.org/obo/CL_0000955>	"CALOHA:TS-0819"
<http://purl.obolibrary.org/obo/CL_0000955>	"BTO:0001133"
<http://purl.obolibrary.org/obo/CL_1001021>	"KUPO:0001053"
<http://purl.obolibrary.org/obo/CL_1001123>	"KUPO:0001066"
<http://purl.obolibrary.org/obo/CL_1000333>	"FMA:263084"
<http://purl.obolibrary.org/obo/CL_1000287>	"FMA:223276"
<http://purl.obolibrary.org/obo/CL_0002305>	"FMA:70981"
<http://purl.obolibrary.org/obo/CL_0002305>	"KUPO:0001055"
<http://purl.obolibrary.org/obo/CL_4023049>	"ILX:0770157"
<http://purl.obolibrary.org/obo/CL_4030055>	"FMA:84155"
<http://purl.obolibrary.org/obo/CL_0004139>	"BAMS:1065"
<http://purl.obolibrary.org/obo/CL_1001217>	"KUPO:0001083"
<http://purl.obolibrary.org/obo/CL_0002287>	"FMA:62380"
<http://purl.obolibrary.org/obo/CL_0000637>	"FMA:83089"
<http://purl.obolibrary.org/obo/CL_0002245>	"FMA:83601"
<http://purl.obolibrary.org/obo/CL_1001575>	"CALOHA:TS-1251"
<http://purl.obolibrary.org/obo/CL_0002148>	"FMA:87170"
<http://purl.obolibrary.org/obo/CL_0002148>	"CALOHA:TS-0195"
<http://purl.obolibrary.org/obo/CL_0000504>	"BTO:0002692"
<http://purl.obolibrary.org/obo/CL_1000721>	"KUPO:0001137"
<http://purl.obolibrary.org/obo/CL_0002080>	"FMA:62455"
<http://purl.obolibrary.org/obo/CL_1000397>	"FMA:62817"
<http://purl.obolibrary.org/obo/CL_0000683>	"MESH:D063928"
<http://purl.obolibrary.org/obo/CL_0002313>	"FMA:74390"
<http://purl.obolibrary.org/obo/CL_0002313>	"FMA:86774"
<http://purl.obolibrary.org/obo/CL_0002313>	"CALOHA:TS-1280"
<http://purl.obolibrary.org/obo/CL_0002078>	"FMA:69076"
<http://purl.obolibrary.org/obo/CL_1001221>	"KUPO:0001087"
<http://purl.obolibrary.org/obo/CL_1000350>	"FMA:263122"
<http://purl.obolibrary.org/obo/CL_0002390>	"FAO:0000030"
<http://purl.obolibrary.org/obo/CL_0002133>	"FMA:256169"
<http://purl.obolibrary.org/obo/CL_0002641>	"FMA:256141"
<http://purl.obolibrary.org/obo/CL_0002237>	"FMA:74225"
<http://purl.obolibrary.org/obo/CL_1001609>	"CALOHA:TS-0643"
<http://purl.obolibrary.org/obo/CL_0002286>	"FMA:62381"
<http://purl.obolibrary.org/obo/CL_1000338>	"FMA:263094"
<http://purl.obolibrary.org/obo/CL_0002654>	"FMA:70733"
<http://purl.obolibrary.org/obo/CL_0000010>	"MESH:D002478"
<http://purl.obolibrary.org/obo/CL_0002096>	"FMA:223275"
<http://purl.obolibrary.org/obo/CL_0000550>	"FMA:83506"
<http://purl.obolibrary.org/obo/CL_1000505>	"KUPO:0001018"
<http://purl.obolibrary.org/obo/CL_0002647>	"FMA:70580"
<http://purl.obolibrary.org/obo/CL_1000324>	"FMA:263063"
<http://purl.obolibrary.org/obo/CL_1000434>	"FMA:70555"
<http://purl.obolibrary.org/obo/CL_1000717>	"KUPO:0001133"
<http://purl.obolibrary.org/obo/CL_1000697>	"KUPO:0001108"
<http://purl.obolibrary.org/obo/CL_0000355>	"FMA:86767"
<http://purl.obolibrary.org/obo/CL_0000411>	"WBbt:0007846"
<http://purl.obolibrary.org/obo/CL_1000391>	"FMA:59175"
<http://purl.obolibrary.org/obo/CL_0000835>	"FMA:83524"
<http://purl.obolibrary.org/obo/CL_0000835>	"BTO:0000187"
<http://purl.obolibrary.org/obo/CL_4023077>	"ILX:0777212"
<http://purl.obolibrary.org/obo/CL_0002098>	"FMA:67967"
<http://purl.obolibrary.org/obo/CL_4023187>	"NIFEXT:44"
<http://purl.obolibrary.org/obo/CL_4023160>	"ILX:0102311"
<http://purl.obolibrary.org/obo/CL_0000655>	"FMA:18646"
<http://purl.obolibrary.org/obo/CL_0000655>	"BTO:0003094"
<http://purl.obolibrary.org/obo/CL_0002263>	"FMA:69324"
<http://purl.obolibrary.org/obo/CL_0000334>	"FAO:0000032"
<http://purl.obolibrary.org/obo/CL_0000334>	"BTO:0002307"
<http://purl.obolibrary.org/obo/CL_1000355>	"FMA:263132"
<http://purl.obolibrary.org/obo/CL_0000641>	"FMA:83626"
<http://purl.obolibrary.org/obo/CL_0002381>	"FAO:0000025"
<http://purl.obolibrary.org/obo/CL_1000601>	"KUPO:0001116"
<http://purl.obolibrary.org/obo/CL_0004124>	"BAMS:1050"
<http://purl.obolibrary.org/obo/CL_0002227>	"FMA:70949"
<http://purl.obolibrary.org/obo/CL_0000568>	"MESH:D001078"
<http://purl.obolibrary.org/obo/CL_0000568>	"FMA:83114"
<http://purl.obolibrary.org/obo/CL_0000568>	"BTO:0003866"
<http://purl.obolibrary.org/obo/CL_0000375>	"BTO:0002051"
<http://purl.obolibrary.org/obo/CL_0004117>	"BAMS:1009"
<http://purl.obolibrary.org/obo/CL_0000541>	"FMA:83377"
<http://purl.obolibrary.org/obo/CL_0000541>	"BTO:0003217"
<http://purl.obolibrary.org/obo/CL_0002194>	"FMA:83552"
<http://purl.obolibrary.org/obo/CL_0002213>	"FMA:84449"
<http://purl.obolibrary.org/obo/CL_1001592>	"CALOHA:TS-1278"
<http://purl.obolibrary.org/obo/CL_0000104>	"FMA:67287"
<http://purl.obolibrary.org/obo/CL_0002290>	"FMA:84058"
<http://purl.obolibrary.org/obo/CL_0002165>	"FMA:79800"
<http://purl.obolibrary.org/obo/CL_0000596>	"FAO:0000017"
<http://purl.obolibrary.org/obo/CL_0000339>	"FMA:70564"
<http://purl.obolibrary.org/obo/CL_1001585>	"CALOHA:TS-1271"
<http://purl.obolibrary.org/obo/CL_1000375>	"FMA:263180"
<http://purl.obolibrary.org/obo/CL_1000891>	"KUPO:0001029"
<http://purl.obolibrary.org/obo/CL_0002158>	"FMA:70558"
<http://purl.obolibrary.org/obo/CL_1001598>	"CALOHA:TS-1286"
<http://purl.obolibrary.org/obo/CL_1001598>	"FMA:86928"
<http://purl.obolibrary.org/obo/CL_4023101>	"ILX:0770161"
<http://purl.obolibrary.org/obo/CL_0002221>	"FMA:86549"
<http://purl.obolibrary.org/obo/CL_1000468>	"FMA:74469"
<http://purl.obolibrary.org/obo/CL_0000588>	"FMA:83027"
<http://purl.obolibrary.org/obo/CL_0000588>	"BTO:0002516"
<http://purl.obolibrary.org/obo/CL_0009093>	"EFO:0010709"
<http://purl.obolibrary.org/obo/CL_0000605>	"FAO:0000023"
<http://purl.obolibrary.org/obo/CL_1000412>	"KUPO:0001097"
<http://purl.obolibrary.org/obo/CL_1000412>	"FMA:67760"
<http://purl.obolibrary.org/obo/CL_0004162>	"BAMS:1029"
<http://purl.obolibrary.org/obo/CL_0002200>	"FMA:87169"
<http://purl.obolibrary.org/obo/CL_1000708>	"KUPO:0001119"
<http://purl.obolibrary.org/obo/CL_0002152>	"FMA:86486"
<http://purl.obolibrary.org/obo/CL_0000109>	"MESH:D059331"
<http://purl.obolibrary.org/obo/CL_1000314>	"FMA:263038"
<http://purl.obolibrary.org/obo/CL_1000283>	"FMA:17519"
<http://purl.obolibrary.org/obo/CL_1001142>	"KUPO:0001085"
<http://purl.obolibrary.org/obo/CL_1000418>	"FMA:67802"
<http://purl.obolibrary.org/obo/CL_0002656>	"FMA:86489"
<http://purl.obolibrary.org/obo/CL_1000472>	"FMA:74502"
<http://purl.obolibrary.org/obo/CL_0000633>	"FMA:79799"
<http://purl.obolibrary.org/obo/CL_0000582>	"FMA:84197"
<http://purl.obolibrary.org/obo/CL_0002090>	"WBbt:0008429"
<http://purl.obolibrary.org/obo/CL_0002090>	"EHDAA2:0004716"
<http://purl.obolibrary.org/obo/CL_0002090>	"XAO:0000262"
<http://purl.obolibrary.org/obo/CL_0002090>	"MESH:D059705"
<http://purl.obolibrary.org/obo/CL_0002090>	"FMA:85543"
<http://purl.obolibrary.org/obo/CL_1000300>	"FMA:261273"
<http://purl.obolibrary.org/obo/CL_1000693>	"KUPO:0001103"
<http://purl.obolibrary.org/obo/CL_1000507>	"KUPO:0001020"
<http://purl.obolibrary.org/obo/CL_1000289>	"FMA:223278"
<http://purl.obolibrary.org/obo/CL_1000596>	"KUPO:0001111"
<http://purl.obolibrary.org/obo/CL_1000804>	"KUPO:0001094"
<http://purl.obolibrary.org/obo/CL_0002379>	"FMA:86588"
<http://purl.obolibrary.org/obo/CL_4023009>	"ILX:0770101"
<http://purl.obolibrary.org/obo/CL_0000639>	"FMA:83094"
<http://purl.obolibrary.org/obo/CL_1000291>	"FMA:223280"
<http://purl.obolibrary.org/obo/CL_0017005>	"BTO:0000772"
<http://purl.obolibrary.org/obo/CL_0017005>	"EFO:0000572"
<http://purl.obolibrary.org/obo/CL_0017005>	"FMA:83030"
<http://purl.obolibrary.org/obo/CL_0002247>	"FMA:83024"
<http://purl.obolibrary.org/obo/CL_0002205>	"FMA:263220"
<http://purl.obolibrary.org/obo/CL_0015000>	"PMID:14699587"
<http://purl.obolibrary.org/obo/CL_0008047>	"TH:H3.03.00.0.00012"
<http://purl.obolibrary.org/obo/CL_1001036>	"KUPO:0001068"
<http://purl.obolibrary.org/obo/CL_0003013>	"https://orcid.org/0000-0001-7258-9596"
<http://purl.obolibrary.org/obo/CL_0003013>	"https://orcid.org/0000-0002-5260-9315"
<http://purl.obolibrary.org/obo/CL_0002282>	"FMA:63421"
<http://purl.obolibrary.org/obo/CL_1000444>	"FMA:70615"
<http://purl.obolibrary.org/obo/CL_0002650>	"FMA:70578"
